"arch","mean_off","s1","s2","s3","s4","e12","e13","e14","e23","e24","e34","r12","r23","r34","h12","h13","h14","h23","h24","h34","N","K","f0000","f0001","f0010","f0011","f0100","f0101","f0110","f0111","f1000","f1001","f1010","f1011","f1100","f1101","f1110","f1111","n_rep","p_anc","p_A1","p_B1","p_A2","p_B2","p_parA","p_parB","p_hybA1","p_hybB1","p_all_inc","tL_A1","tL_B1","tL_A2","tL_B2","t_dmi1","t_dmi2","t_anc","t_A1","t_B1","t_A2","t_B2","t_parA","t_parB","t_hybA1","t_hybB1","t_all_inc","t_res_given_hybA1","t_res_given_hybA2","t_both","p_alive","p_alive_anc","p_alive_A1","p_alive_B1","p_alive_A2","p_alive_B2","p_alive_parA","p_alive_parB","p_alive_hybA1","p_alive_hybB1","p_alive_all_inc","tL_alive_A1","tL_alive_B1","tL_alive_A2","tL_alive_B2","t_alive_dmi1","t_alive_dmi2","t_alive_both","NL_A1","NL_B1","NL_A2","NL_B2","NL_alive_A1","NL_alive_B1","NL_alive_A2","NL_alive_B2","N_dmi1","N_dmi2","N_alive_dmi1","N_alive_dmi2","N_both","N_alive_both","N_min_alive"
NA,NA,NA,NA,NA,NA,NA,NA,NA,NA,NA,NA,NA,NA,NA,NA,NA,NA,NA,NA,NA,NA,NA,NA,NA,NA,NA,NA,NA,NA,NA,NA,NA,NA,NA,NA,NA,NA,NA,NA,NA,NA,NA,NA,NA,NA,NA,NA,NA,NA,NA,NA,NA,NA,NA,NA,NA,NA,NA,NA,NA,NA,NA,NA,NA,NA,NA,NA,NA,NA,NA,NA,NA,NA,NA,NA,NA,NA,NA,NA,NA,NA,NA,NA,NA,NA,NA,NA,NA,NA,NA,NA,NA,NA,NA,NA,NA,NA,NA,NA,NA,NA
NA,NA,NA,NA,NA,NA,NA,NA,NA,NA,NA,NA,NA,NA,NA,NA,NA,NA,NA,NA,NA,NA,NA,NA,NA,NA,NA,NA,NA,NA,NA,NA,NA,NA,NA,NA,NA,NA,NA,NA,NA,NA,NA,NA,NA,NA,NA,NA,NA,NA,NA,NA,NA,NA,NA,NA,NA,NA,NA,NA,NA,NA,NA,NA,NA,NA,NA,NA,NA,NA,NA,NA,NA,NA,NA,NA,NA,NA,NA,NA,NA,NA,NA,NA,NA,NA,NA,NA,NA,NA,NA,NA,NA,NA,NA,NA,NA,NA,NA,NA,NA,NA
"adj_ABAB","1.005966","-0.048685","0","0","0","0","0","0","0","0","0","0.5","0.5","0.5","1","1","1","1","1","1","5000","1e+06","4700","0","0","0","0","0","0","0","300","0","0","0","0","0","0","0","1000","191","809","0","0","0","0","0","0","0","0","98.081","-1","-1","-1","83.9476439790576","101.417799752781","NaN","NaN","NaN","NaN","NaN","NaN","NaN","NaN","-1","-1","NaN","NaN","-1","329","0","329","0","0","0","0","0","0","0","0","108.379939209726","-1","-1","-1","-1","-1","-1","51.024","4580.439","4580.439","4580.439","108.142857142857","4580.02431610942","4580.02431610942","4580.02431610942","51.024","4580.439","108.142857142857","4580.02431610942","4580.439","4580.02431610942","47.6838905775076"
"adj_ABAB","1.005966","-0.048685","0","0","0","0","0","0","0","0","0","0.5","0.5","0.5","1","1","1","1","1","1","5000","1e+06","4999","0","0","0","0","0","0","0","1","0","0","0","0","0","0","0","1000","998","2","0","0","0","0","0","0","0","0","5.879","-1","-1","-1","6.125250501002","75","NaN","NaN","NaN","NaN","NaN","NaN","NaN","NaN","-1","-1","NaN","NaN","-1","1","0","1","0","0","0","0","0","0","0","0","85","-1","-1","-1","-1","-1","-1","3189.423","4549.751","4549.751","4549.751","27","4470","4470","4470","3189.423","4549.751","27","4470","4549.751","4470","16"
"adj_ABAB","1.005966","-0.094461","0","0","0","0","0","0","0","0","0","0.5","0.5","0.5","1","1","1","1","1","1","5000","1e+06","4700","0","0","0","0","0","0","0","300","0","0","0","0","0","0","0","1000","118","882","0","0","0","0","0","0","0","0","52.915","-1","-1","-1","46.4406779661017","53.781179138322","NaN","NaN","NaN","NaN","NaN","NaN","NaN","NaN","-1","-1","NaN","NaN","-1","288","0","288","0","0","0","0","0","0","0","0","56.5","-1","-1","-1","-1","-1","-1","36.053","4178.542","4178.542","4178.542","71.4513888888889","4180.69444444444","4180.69444444444","4180.69444444444","36.053","4178.542","71.4513888888889","4180.69444444444","4178.542","4180.69444444444","34.8888888888889"
"adj_ABAB","1.005966","-0.094461","0","0","0","0","0","0","0","0","0","0.5","0.5","0.5","1","1","1","1","1","1","5000","1e+06","4999","0","0","0","0","0","0","0","1","0","0","0","0","0","0","0","1000","993","7","0","0","0","0","0","0","0","0","4.434","-1","-1","-1","4.47935548841893","46","NaN","NaN","NaN","NaN","NaN","NaN","NaN","NaN","-1","-1","NaN","NaN","-1","0","0","0","0","0","0","0","0","0","0","0","NaN","NaN","NaN","NaN","NaN","NaN","NaN","2410.955","4123.609","4123.609","4123.609","NaN","NaN","NaN","NaN","2410.955","4123.609","NaN","NaN","4123.609","NaN","NaN"
"adj_ABAB","1.005966","-0.136866","0","0","0","0","0","0","0","0","0","0.5","0.5","0.5","1","1","1","1","1","1","5000","1e+06","4700","0","0","0","0","0","0","0","300","0","0","0","0","0","0","0","1000","69","931","0","0","0","0","0","0","0","0","37.146","-1","-1","-1","33.5942028985507","37.4092373791622","NaN","NaN","NaN","NaN","NaN","NaN","NaN","NaN","-1","-1","NaN","NaN","-1","274","0","274","0","0","0","0","0","0","0","0","39.6131386861314","-1","-1","-1","-1","-1","-1","33.329","3824.547","3824.547","3824.547","59.6861313868613","3822.42335766423","3822.42335766423","3822.42335766423","33.329","3824.547","59.6861313868613","3822.42335766423","3824.547","3822.42335766423","31.7226277372263"
"adj_ABAB","1.005966","-0.136866","0","0","0","0","0","0","0","0","0","0.5","0.5","0.5","1","1","1","1","1","1","5000","1e+06","4999","0","0","0","0","0","0","0","1","0","0","0","0","0","0","0","1000","997","3","0","0","0","0","0","0","0","0","3.228","-1","-1","-1","3.51955867602808","31.6666666666667","NaN","NaN","NaN","NaN","NaN","NaN","NaN","NaN","-1","-1","NaN","NaN","-1","0","0","0","0","0","0","0","0","0","0","0","NaN","NaN","NaN","NaN","NaN","NaN","NaN","2065.581","3750.575","3750.575","3750.575","NaN","NaN","NaN","NaN","2065.581","3750.575","NaN","NaN","3750.575","NaN","NaN"
"adj_ABAB","1.005966","-0.175379","0","0","0","0","0","0","0","0","0","0.5","0.5","0.5","1","1","1","1","1","1","5000","1e+06","4700","0","0","0","0","0","0","0","300","0","0","0","0","0","0","0","1000","27","973","0","0","0","0","0","0","0","0","29.56","-1","-1","-1","28.5555555555556","29.5878725590956","NaN","NaN","NaN","NaN","NaN","NaN","NaN","NaN","-1","-1","NaN","NaN","-1","307","0","307","0","0","0","0","0","0","0","0","29.9478827361564","-1","-1","-1","-1","-1","-1","34.231","3515.417","3515.417","3515.417","50.8534201954397","3514.59609120521","3514.59609120521","3514.59609120521","34.231","3515.417","50.8534201954397","3514.59609120521","3515.417","3514.59609120521","28.14332247557"
"adj_ABAB","1.005966","-0.175379","0","0","0","0","0","0","0","0","0","0.5","0.5","0.5","1","1","1","1","1","1","5000","1e+06","4999","0","0","0","0","0","0","0","1","0","0","0","0","0","0","0","1000","993","7","0","0","0","0","0","0","0","0","2.759","-1","-1","-1","2.97985901309164","22","NaN","NaN","NaN","NaN","NaN","NaN","NaN","NaN","-1","-1","NaN","NaN","-1","0","0","0","0","0","0","0","0","0","0","0","NaN","NaN","NaN","NaN","NaN","NaN","NaN","1711.973","3418.16","3418.16","3418.16","NaN","NaN","NaN","NaN","1711.973","3418.16","NaN","NaN","3418.16","NaN","NaN"
"adj_ABAB","1.005966","-0.209431","0","0","0","0","0","0","0","0","0","0.5","0.5","0.5","1","1","1","1","1","1","5000","1e+06","4700","0","0","0","0","0","0","0","300","0","0","0","0","0","0","0","1000","20","980","0","0","0","0","0","0","0","0","24.501","-1","-1","-1","23.2","24.5275510204082","NaN","NaN","NaN","NaN","NaN","NaN","NaN","NaN","-1","-1","NaN","NaN","-1","275","0","275","0","0","0","0","0","0","0","0","25.2109090909091","-1","-1","-1","-1","-1","-1","33.908","3257.463","3257.463","3257.463","53.1090909090909","3256.09454545455","3256.09454545455","3256.09454545455","33.908","3257.463","53.1090909090909","3256.09454545455","3257.463","3256.09454545455","29.28"
"adj_ABAB","1.005966","-0.209431","0","0","0","0","0","0","0","0","0","0.5","0.5","0.5","1","1","1","1","1","1","5000","1e+06","4999","0","0","0","0","0","0","0","1","0","0","0","0","0","0","0","1000","990","10","0","0","0","0","0","0","0","0","2.49","-1","-1","-1","2.65959595959596","21.1","NaN","NaN","NaN","NaN","NaN","NaN","NaN","NaN","-1","-1","NaN","NaN","-1","0","0","0","0","0","0","0","0","0","0","0","NaN","NaN","NaN","NaN","NaN","NaN","NaN","1503.306","3143.758","3143.758","3143.758","NaN","NaN","NaN","NaN","1503.306","3143.758","NaN","NaN","3143.758","NaN","NaN"
"adj_ABAB","1.005966","-0.238423","0","0","0","0","0","0","0","0","0","0.5","0.5","0.5","1","1","1","1","1","1","5000","1e+06","4700","0","0","0","0","0","0","0","300","0","0","0","0","0","0","0","1000","13","987","0","0","0","0","0","0","0","0","21.705","-1","-1","-1","21.9230769230769","21.7021276595745","NaN","NaN","NaN","NaN","NaN","NaN","NaN","NaN","-1","-1","NaN","NaN","-1","317","0","317","0","0","0","0","0","0","0","0","21.9369085173502","-1","-1","-1","-1","-1","-1","37.199","3046.362","3046.362","3046.362","52.7287066246057","3048.59305993691","3048.59305993691","3048.59305993691","37.199","3046.362","52.7287066246057","3048.59305993691","3046.362","3048.59305993691","28.9116719242902"
"adj_ABAB","1.005966","-0.238423","0","0","0","0","0","0","0","0","0","0.5","0.5","0.5","1","1","1","1","1","1","5000","1e+06","4999","0","0","0","0","0","0","0","1","0","0","0","0","0","0","0","1000","991","9","0","0","0","0","0","0","0","0","2.171","-1","-1","-1","2.40262361251261","16.8888888888889","NaN","NaN","NaN","NaN","NaN","NaN","NaN","NaN","-1","-1","NaN","NaN","-1","0","0","0","0","0","0","0","0","0","0","0","NaN","NaN","NaN","NaN","NaN","NaN","NaN","1356.292","2914.918","2914.918","2914.918","NaN","NaN","NaN","NaN","1356.292","2914.918","NaN","NaN","2914.918","NaN","NaN"
"adj_ABAB","1.005966","-0.261759","0","0","0","0","0","0","0","0","0","0.5","0.5","0.5","1","1","1","1","1","1","5000","1e+06","4700","0","0","0","0","0","0","0","300","0","0","0","0","0","0","0","1000","8","992","0","0","0","0","0","0","0","0","19.299","-1","-1","-1","18.75","19.3034274193548","NaN","NaN","NaN","NaN","NaN","NaN","NaN","NaN","-1","-1","NaN","NaN","-1","353","0","353","0","0","0","0","0","0","0","0","19.728045325779","-1","-1","-1","-1","-1","-1","37.458","2875.948","2875.948","2875.948","49.6458923512748","2874.96317280453","2874.96317280453","2874.96317280453","37.458","2875.948","49.6458923512748","2874.96317280453","2875.948","2874.96317280453","27.7677053824363"
"adj_ABAB","1.005966","-0.261759","0","0","0","0","0","0","0","0","0","0.5","0.5","0.5","1","1","1","1","1","1","5000","1e+06","4999","0","0","0","0","0","0","0","1","0","0","0","0","0","0","0","1000","984","16","0","0","0","0","0","0","0","0","2.1","-1","-1","-1","2.25914634146341","14","NaN","NaN","NaN","NaN","NaN","NaN","NaN","NaN","-1","-1","NaN","NaN","-1","1","0","1","0","0","0","0","0","0","0","0","15","-1","-1","-1","-1","-1","-1","1213.605","2741.919","2741.919","2741.919","5","2740","2740","2740","1213.605","2741.919","5","2740","2741.919","2740","2"
"adj_ABAB","1.005966","-0.27889","0","0","0","0","0","0","0","0","0","0.5","0.5","0.5","1","1","1","1","1","1","5000","1e+06","4700","0","0","0","0","0","0","0","300","0","0","0","0","0","0","0","1000","8","992","0","0","0","0","0","0","0","0","18.108","-1","-1","-1","19","18.1008064516129","NaN","NaN","NaN","NaN","NaN","NaN","NaN","NaN","-1","-1","NaN","NaN","-1","348","0","348","0","0","0","0","0","0","0","0","18.3764367816092","-1","-1","-1","-1","-1","-1","38.383","2759.958","2759.958","2759.958","51.485632183908","2763.46551724138","2763.46551724138","2763.46551724138","38.383","2759.958","51.485632183908","2763.46551724138","2759.958","2763.46551724138","28.301724137931"
"adj_ABAB","1.005966","-0.27889","0","0","0","0","0","0","0","0","0","0.5","0.5","0.5","1","1","1","1","1","1","5000","1e+06","4999","0","0","0","0","0","0","0","1","0","0","0","0","0","0","0","1000","993","7","0","0","0","0","0","0","0","0","2.016","-1","-1","-1","2.27995971802618","12.8571428571429","NaN","NaN","NaN","NaN","NaN","NaN","NaN","NaN","-1","-1","NaN","NaN","-1","1","0","1","0","0","0","0","0","0","0","0","18","-1","-1","-1","-1","-1","-1","1098.316","2615.323","2615.323","2615.323","14","2577","2577","2577","1098.316","2615.323","14","2577","2615.323","2577","1"
"adj_ABAB","1.005966","-0.289366","0","0","0","0","0","0","0","0","0","0.5","0.5","0.5","1","1","1","1","1","1","5000","1e+06","4700","0","0","0","0","0","0","0","300","0","0","0","0","0","0","0","1000","2","998","0","0","0","0","0","0","0","0","17.361","-1","-1","-1","22.5","17.3507014028056","NaN","NaN","NaN","NaN","NaN","NaN","NaN","NaN","-1","-1","NaN","NaN","-1","348","0","348","0","0","0","0","0","0","0","0","17.3706896551724","-1","-1","-1","-1","-1","-1","40.949","2690.535","2690.535","2690.535","54.1379310344828","2691.37931034483","2691.37931034483","2691.37931034483","40.949","2690.535","54.1379310344828","2691.37931034483","2690.535","2691.37931034483","30.9310344827586"
"adj_ABAB","1.005966","-0.289366","0","0","0","0","0","0","0","0","0","0.5","0.5","0.5","1","1","1","1","1","1","5000","1e+06","4999","0","0","0","0","0","0","0","1","0","0","0","0","0","0","0","1000","990","10","0","0","0","0","0","0","0","0","1.687","-1","-1","-1","1.96161616161616","11.7","NaN","NaN","NaN","NaN","NaN","NaN","NaN","NaN","-1","-1","NaN","NaN","-1","1","0","1","0","0","0","0","0","0","0","0","10","-1","-1","-1","-1","-1","-1","1148.481","2537.625","2537.625","2537.625","6","2526","2526","2526","1148.481","2537.625","6","2526","2537.625","2526","2"
"adj_ABAB","1.005966","-0.292858","0","0","0","0","0","0","0","0","0","0.5","0.5","0.5","1","1","1","1","1","1","5000","1e+06","4700","0","0","0","0","0","0","0","300","0","0","0","0","0","0","0","1000","4","996","0","0","0","0","0","0","0","0","17.002","-1","-1","-1","16.75","17.0030120481928","NaN","NaN","NaN","NaN","NaN","NaN","NaN","NaN","-1","-1","NaN","NaN","-1","387","0","387","0","0","0","0","0","0","0","0","17.1343669250646","-1","-1","-1","-1","-1","-1","40.145","2665.474","2665.474","2665.474","50.7286821705426","2664.59948320413","2664.59948320413","2664.59948320413","40.145","2665.474","50.7286821705426","2664.59948320413","2665.474","2664.59948320413","29.5064599483204"
"adj_ABAB","1.005966","-0.292858","0","0","0","0","0","0","0","0","0","0.5","0.5","0.5","1","1","1","1","1","1","5000","1e+06","4999","0","0","0","0","0","0","0","1","0","0","0","0","0","0","0","1000","998","2","0","0","0","0","0","0","0","0","1.71","-1","-1","-1","2.07615230460922","12","NaN","NaN","NaN","NaN","NaN","NaN","NaN","NaN","-1","-1","NaN","NaN","-1","0","0","0","0","0","0","0","0","0","0","0","NaN","NaN","NaN","NaN","NaN","NaN","NaN","1156.778","2516.448","2516.448","2516.448","NaN","NaN","NaN","NaN","1156.778","2516.448","NaN","NaN","2516.448","NaN","NaN"
"adj_ABAB","1.005966","-0.048685","0","0","0","0","0","0","0","0","0","0.5","0.5","0.5","1","1","1","1","1","1","5000","1e+06","4250","0","0","0","0","0","0","0","750","0","0","0","0","0","0","0","1000","7","993","0","0","0","0","0","0","0","0","117.994","-1","-1","-1","117.571428571429","117.996978851964","NaN","NaN","NaN","NaN","NaN","NaN","NaN","NaN","-1","-1","NaN","NaN","-1","820","0","820","0","0","0","0","0","0","0","0","119.762195121951","-1","-1","-1","-1","-1","-1","278.734","4627.345","4627.345","4627.345","319.170731707317","4627.52926829268","4627.52926829268","4627.52926829268","278.734","4627.345","319.170731707317","4627.52926829268","4627.345","4627.52926829268","177.996341463415"
"adj_ABAB","1.005966","-0.048685","0","0","0","0","0","0","0","0","0","0.5","0.5","0.5","1","1","1","1","1","1","5000","1e+06","4990","0","0","0","0","0","0","0","10","0","0","0","0","0","0","0","1000","952","48","0","0","0","0","0","0","0","0","32.211","-1","-1","-1","29.6533613445378","82.9375","NaN","NaN","NaN","NaN","NaN","NaN","NaN","NaN","-1","-1","NaN","NaN","-1","5","0","5","0","0","0","0","0","0","0","0","74.6","-1","-1","-1","-1","-1","-1","649.267","4555.624","4555.624","4555.624","17.2","4576.4","4576.4","4576.4","649.267","4555.624","17.2","4576.4","4555.624","4576.4","9.6"
"adj_ABAB","1.005966","-0.094461","0","0","0","0","0","0","0","0","0","0.5","0.5","0.5","1","1","1","1","1","1","5000","1e+06","4250","0","0","0","0","0","0","0","750","0","0","0","0","0","0","0","1000","0","1000","0","0","0","0","0","0","0","0","62.127","-1","-1","-1","NaN","62.127","NaN","NaN","NaN","NaN","NaN","NaN","NaN","NaN","-1","-1","NaN","NaN","-1","815","0","815","0","0","0","0","0","0","0","0","62.4085889570552","-1","-1","-1","-1","-1","-1","202.834","4261.617","4261.617","4261.617","224.469938650307","4261.13251533742","4261.13251533742","4261.13251533742","202.834","4261.617","224.469938650307","4261.13251533742","4261.617","4261.13251533742","138.453987730061"
"adj_ABAB","1.005966","-0.094461","0","0","0","0","0","0","0","0","0","0.5","0.5","0.5","1","1","1","1","1","1","5000","1e+06","4990","0","0","0","0","0","0","0","10","0","0","0","0","0","0","0","1000","944","56","0","0","0","0","0","0","0","0","19.999","-1","-1","-1","18.6504237288136","42.7321428571429","NaN","NaN","NaN","NaN","NaN","NaN","NaN","NaN","-1","-1","NaN","NaN","-1","6","0","6","0","0","0","0","0","0","0","0","42.3333333333333","-1","-1","-1","-1","-1","-1","272.035","4128.822","4128.822","4128.822","13.6666666666667","4113.83333333333","4113.83333333333","4113.83333333333","272.035","4128.822","13.6666666666667","4113.83333333333","4128.822","4113.83333333333","7.66666666666667"
"adj_ABAB","1.005966","-0.136866","0","0","0","0","0","0","0","0","0","0.5","0.5","0.5","1","1","1","1","1","1","5000","1e+06","4250","0","0","0","0","0","0","0","750","0","0","0","0","0","0","0","1000","0","1000","0","0","0","0","0","0","0","0","43.239","-1","-1","-1","NaN","43.239","NaN","NaN","NaN","NaN","NaN","NaN","NaN","NaN","-1","-1","NaN","NaN","-1","831","0","831","0","0","0","0","0","0","0","0","43.1468110709988","-1","-1","-1","-1","-1","-1","186.427","3937.844","3937.844","3937.844","198.410348977136","3938.77135980746","3938.77135980746","3938.77135980746","186.427","3937.844","198.410348977136","3938.77135980746","3937.844","3938.77135980746","130.067388688327"
"adj_ABAB","1.005966","-0.136866","0","0","0","0","0","0","0","0","0","0.5","0.5","0.5","1","1","1","1","1","1","5000","1e+06","4990","0","0","0","0","0","0","0","10","0","0","0","0","0","0","0","1000","914","86","0","0","0","0","0","0","0","0","15.134","-1","-1","-1","13.72647702407","30.093023255814","NaN","NaN","NaN","NaN","NaN","NaN","NaN","NaN","-1","-1","NaN","NaN","-1","3","0","3","0","0","0","0","0","0","0","0","32.6666666666667","-1","-1","-1","-1","-1","-1","156.893","3746.805","3746.805","3746.805","6.33333333333333","3806","3806","3806","156.893","3746.805","6.33333333333333","3806","3746.805","3806","3.33333333333333"
"adj_ABAB","1.005966","-0.175379","0","0","0","0","0","0","0","0","0","0.5","0.5","0.5","1","1","1","1","1","1","5000","1e+06","4250","0","0","0","0","0","0","0","750","0","0","0","0","0","0","0","1000","0","1000","0","0","0","0","0","0","0","0","33.461","-1","-1","-1","NaN","33.461","NaN","NaN","NaN","NaN","NaN","NaN","NaN","NaN","-1","-1","NaN","NaN","-1","857","0","857","0","0","0","0","0","0","0","0","33.4772462077013","-1","-1","-1","-1","-1","-1","193.089","3659.089","3659.089","3659.089","202.281213535589","3658.69078179697","3658.69078179697","3658.69078179697","193.089","3659.089","202.281213535589","3658.69078179697","3659.089","3658.69078179697","132.164527421237"
"adj_ABAB","1.005966","-0.175379","0","0","0","0","0","0","0","0","0","0.5","0.5","0.5","1","1","1","1","1","1","5000","1e+06","4990","0","0","0","0","0","0","0","10","0","0","0","0","0","0","0","1000","923","77","0","0","0","0","0","0","0","0","11.967","-1","-1","-1","11.0942578548212","22.4285714285714","NaN","NaN","NaN","NaN","NaN","NaN","NaN","NaN","-1","-1","NaN","NaN","-1","3","0","3","0","0","0","0","0","0","0","0","23.3333333333333","-1","-1","-1","-1","-1","-1","112.583","3420.901","3420.901","3420.901","13.6666666666667","3429.33333333333","3429.33333333333","3429.33333333333","112.583","3420.901","13.6666666666667","3429.33333333333","3420.901","3429.33333333333","6.66666666666667"
"adj_ABAB","1.005966","-0.209431","0","0","0","0","0","0","0","0","0","0.5","0.5","0.5","1","1","1","1","1","1","5000","1e+06","4250","0","0","0","0","0","0","0","750","0","0","0","0","0","0","0","1000","0","1000","0","0","0","0","0","0","0","0","27.923","-1","-1","-1","NaN","27.923","NaN","NaN","NaN","NaN","NaN","NaN","NaN","NaN","-1","-1","NaN","NaN","-1","863","0","863","0","0","0","0","0","0","0","0","27.9745075318656","-1","-1","-1","-1","-1","-1","200.139","3425.234","3425.234","3425.234","209.390498261877","3426.17149478563","3426.17149478563","3426.17149478563","200.139","3425.234","209.390498261877","3426.17149478563","3425.234","3426.17149478563","140.078794901506"
"adj_ABAB","1.005966","-0.209431","0","0","0","0","0","0","0","0","0","0.5","0.5","0.5","1","1","1","1","1","1","5000","1e+06","4990","0","0","0","0","0","0","0","10","0","0","0","0","0","0","0","1000","933","67","0","0","0","0","0","0","0","0","10.223","-1","-1","-1","9.59807073954984","18.9402985074627","NaN","NaN","NaN","NaN","NaN","NaN","NaN","NaN","-1","-1","NaN","NaN","-1","6","0","6","0","0","0","0","0","0","0","0","21.1666666666667","-1","-1","-1","-1","-1","-1","84.269","3147.755","3147.755","3147.755","5.16666666666667","3160.33333333333","3160.33333333333","3160.33333333333","84.269","3147.755","5.16666666666667","3160.33333333333","3147.755","3160.33333333333","2.66666666666667"
"adj_ABAB","1.005966","-0.238423","0","0","0","0","0","0","0","0","0","0.5","0.5","0.5","1","1","1","1","1","1","5000","1e+06","4250","0","0","0","0","0","0","0","750","0","0","0","0","0","0","0","1000","0","1000","0","0","0","0","0","0","0","0","24.367","-1","-1","-1","NaN","24.367","NaN","NaN","NaN","NaN","NaN","NaN","NaN","NaN","-1","-1","NaN","NaN","-1","881","0","881","0","0","0","0","0","0","0","0","24.3212258796822","-1","-1","-1","-1","-1","-1","206.072","3233.909","3233.909","3233.909","211.992054483541","3234.83881952327","3234.83881952327","3234.83881952327","206.072","3233.909","211.992054483541","3234.83881952327","3233.909","3234.83881952327","145.526674233825"
"adj_ABAB","1.005966","-0.238423","0","0","0","0","0","0","0","0","0","0.5","0.5","0.5","1","1","1","1","1","1","5000","1e+06","4990","0","0","0","0","0","0","0","10","0","0","0","0","0","0","0","1000","897","103","0","0","0","0","0","0","0","0","9.319","-1","-1","-1","8.49498327759197","16.495145631068","NaN","NaN","NaN","NaN","NaN","NaN","NaN","NaN","-1","-1","NaN","NaN","-1","4","0","4","0","0","0","0","0","0","0","0","19.25","-1","-1","-1","-1","-1","-1","58.874","2920.979","2920.979","2920.979","5","2933","2933","2933","58.874","2920.979","5","2933","2920.979","2933","4"
"adj_ABAB","1.005966","-0.261759","0","0","0","0","0","0","0","0","0","0.5","0.5","0.5","1","1","1","1","1","1","5000","1e+06","4250","0","0","0","0","0","0","0","750","0","0","0","0","0","0","0","1000","0","1000","0","0","0","0","0","0","0","0","21.804","-1","-1","-1","NaN","21.804","NaN","NaN","NaN","NaN","NaN","NaN","NaN","NaN","-1","-1","NaN","NaN","-1","888","0","888","0","0","0","0","0","0","0","0","21.759009009009","-1","-1","-1","-1","-1","-1","210.219","3085.853","3085.853","3085.853","215.064189189189","3085.83333333333","3085.83333333333","3085.83333333333","210.219","3085.853","215.064189189189","3085.83333333333","3085.853","3085.83333333333","150.35472972973"
"adj_ABAB","1.005966","-0.261759","0","0","0","0","0","0","0","0","0","0.5","0.5","0.5","1","1","1","1","1","1","5000","1e+06","4990","0","0","0","0","0","0","0","10","0","0","0","0","0","0","0","1000","915","85","0","0","0","0","0","0","0","0","8.53","-1","-1","-1","7.92786885245902","15.0117647058824","NaN","NaN","NaN","NaN","NaN","NaN","NaN","NaN","-1","-1","NaN","NaN","-1","3","0","3","0","0","0","0","0","0","0","0","19.3333333333333","-1","-1","-1","-1","-1","-1","44.145","2747.005","2747.005","2747.005","9.66666666666667","2776.66666666667","2776.66666666667","2776.66666666667","44.145","2747.005","9.66666666666667","2776.66666666667","2747.005","2776.66666666667","3.66666666666667"
"adj_ABAB","1.005966","-0.27889","0","0","0","0","0","0","0","0","0","0.5","0.5","0.5","1","1","1","1","1","1","5000","1e+06","4250","0","0","0","0","0","0","0","750","0","0","0","0","0","0","0","1000","0","1000","0","0","0","0","0","0","0","0","20.624","-1","-1","-1","NaN","20.624","NaN","NaN","NaN","NaN","NaN","NaN","NaN","NaN","-1","-1","NaN","NaN","-1","916","0","916","0","0","0","0","0","0","0","0","20.6473799126638","-1","-1","-1","-1","-1","-1","220.98","2978.524","2978.524","2978.524","224.767467248908","2978.64192139738","2978.64192139738","2978.64192139738","220.98","2978.524","224.767467248908","2978.64192139738","2978.524","2978.64192139738","157.74672489083"
"adj_ABAB","1.005966","-0.27889","0","0","0","0","0","0","0","0","0","0.5","0.5","0.5","1","1","1","1","1","1","5000","1e+06","4990","0","0","0","0","0","0","0","10","0","0","0","0","0","0","0","1000","917","83","0","0","0","0","0","0","0","0","7.818","-1","-1","-1","7.29552889858233","13.5903614457831","NaN","NaN","NaN","NaN","NaN","NaN","NaN","NaN","-1","-1","NaN","NaN","-1","5","0","5","0","0","0","0","0","0","0","0","14.8","-1","-1","-1","-1","-1","-1","44.029","2620.081","2620.081","2620.081","6.4","2626","2626","2626","44.029","2620.081","6.4","2626","2620.081","2626","3.6"
"adj_ABAB","1.005966","-0.289366","0","0","0","0","0","0","0","0","0","0.5","0.5","0.5","1","1","1","1","1","1","5000","1e+06","4250","0","0","0","0","0","0","0","750","0","0","0","0","0","0","0","1000","0","1000","0","0","0","0","0","0","0","0","19.602","-1","-1","-1","NaN","19.602","NaN","NaN","NaN","NaN","NaN","NaN","NaN","NaN","-1","-1","NaN","NaN","-1","904","0","904","0","0","0","0","0","0","0","0","19.5951327433628","-1","-1","-1","-1","-1","-1","223.276","2913.314","2913.314","2913.314","228.994469026549","2914.38053097345","2914.38053097345","2914.38053097345","223.276","2913.314","228.994469026549","2914.38053097345","2913.314","2914.38053097345","159.435840707965"
"adj_ABAB","1.005966","-0.289366","0","0","0","0","0","0","0","0","0","0.5","0.5","0.5","1","1","1","1","1","1","5000","1e+06","4990","0","0","0","0","0","0","0","10","0","0","0","0","0","0","0","1000","900","100","0","0","0","0","0","0","0","0","7.631","-1","-1","-1","7.06555555555556","12.72","NaN","NaN","NaN","NaN","NaN","NaN","NaN","NaN","-1","-1","NaN","NaN","-1","2","0","2","0","0","0","0","0","0","0","0","19.5","-1","-1","-1","-1","-1","-1","40.844","2544.57","2544.57","2544.57","1.5","2519.5","2519.5","2519.5","40.844","2544.57","1.5","2519.5","2544.57","2519.5","1.5"
"adj_ABAB","1.005966","-0.292858","0","0","0","0","0","0","0","0","0","0.5","0.5","0.5","1","1","1","1","1","1","5000","1e+06","4250","0","0","0","0","0","0","0","750","0","0","0","0","0","0","0","1000","0","1000","0","0","0","0","0","0","0","0","19.494","-1","-1","-1","NaN","19.494","NaN","NaN","NaN","NaN","NaN","NaN","NaN","NaN","-1","-1","NaN","NaN","-1","913","0","913","0","0","0","0","0","0","0","0","19.4633077765608","-1","-1","-1","-1","-1","-1","223.934","2891.438","2891.438","2891.438","228.243154435926","2890.39759036145","2890.39759036145","2890.39759036145","223.934","2891.438","228.243154435926","2890.39759036145","2891.438","2890.39759036145","163.66265060241"
"adj_ABAB","1.005966","-0.292858","0","0","0","0","0","0","0","0","0","0.5","0.5","0.5","1","1","1","1","1","1","5000","1e+06","4990","0","0","0","0","0","0","0","10","0","0","0","0","0","0","0","1000","904","96","0","0","0","0","0","0","0","0","7.592","-1","-1","-1","7.04646017699115","12.7291666666667","NaN","NaN","NaN","NaN","NaN","NaN","NaN","NaN","-1","-1","NaN","NaN","-1","1","0","1","0","0","0","0","0","0","0","0","14","-1","-1","-1","-1","-1","-1","34.845","2519.421","2519.421","2519.421","2","2474","2474","2474","34.845","2519.421","2","2474","2519.421","2474","2"
"adj_ABAB","1.005966","-0.048685","0","0","0","0","0","0","0","0","0","0.5","0.5","0.5","1","1","1","1","1","1","5000","1e+06","4000","0","0","0","0","0","0","0","1000","0","0","0","0","0","0","0","1000","0","1000","0","0","0","0","0","0","0","0","122.196","-1","-1","-1","NaN","122.196","NaN","NaN","NaN","NaN","NaN","NaN","NaN","NaN","-1","-1","NaN","NaN","-1","952","0","952","0","0","0","0","0","0","0","0","122.254201680672","-1","-1","-1","-1","-1","-1","472.822","4650.002","4650.002","4650.002","488.658613445378","4650.10714285714","4650.10714285714","4650.10714285714","472.822","4650.002","488.658613445378","4650.10714285714","4650.002","4650.10714285714","297.351890756303"
"adj_ABAB","1.005966","-0.048685","0","0","0","0","0","0","0","0","0","0.5","0.5","0.5","1","1","1","1","1","1","5000","1e+06","4980","0","0","0","0","0","0","0","20","0","0","0","0","0","0","0","1000","913","87","0","0","0","0","0","0","0","0","42.861","-1","-1","-1","39.0492880613363","82.8620689655172","NaN","NaN","NaN","NaN","NaN","NaN","NaN","NaN","-1","-1","NaN","NaN","-1","11","0","11","0","0","0","0","0","0","0","0","96.1818181818182","-1","-1","-1","-1","-1","-1","264.352","4553.449","4553.449","4553.449","39.2727272727273","4575.18181818182","4575.18181818182","4575.18181818182","264.352","4553.449","39.2727272727273","4575.18181818182","4553.449","4575.18181818182","14.1818181818182"
"adj_ABAB","1.005966","-0.094461","0","0","0","0","0","0","0","0","0","0.5","0.5","0.5","1","1","1","1","1","1","5000","1e+06","4000","0","0","0","0","0","0","0","1000","0","0","0","0","0","0","0","1000","0","1000","0","0","0","0","0","0","0","0","65.065","-1","-1","-1","NaN","65.065","NaN","NaN","NaN","NaN","NaN","NaN","NaN","NaN","-1","-1","NaN","NaN","-1","943","0","943","0","0","0","0","0","0","0","0","65.101802757158","-1","-1","-1","-1","-1","-1","355.495","4306.319","4306.319","4306.319","367.426299045599","4306.24390243902","4306.24390243902","4306.24390243902","355.495","4306.319","367.426299045599","4306.24390243902","4306.319","4306.24390243902","254.085896076352"
"adj_ABAB","1.005966","-0.094461","0","0","0","0","0","0","0","0","0","0.5","0.5","0.5","1","1","1","1","1","1","5000","1e+06","4980","0","0","0","0","0","0","0","20","0","0","0","0","0","0","0","1000","892","108","0","0","0","0","0","0","0","0","26.2","-1","-1","-1","23.987668161435","44.4722222222222","NaN","NaN","NaN","NaN","NaN","NaN","NaN","NaN","-1","-1","NaN","NaN","-1","5","0","5","0","0","0","0","0","0","0","0","46.4","-1","-1","-1","-1","-1","-1","98.736","4128.021","4128.021","4128.021","25.8","4108.2","4108.2","4108.2","98.736","4128.021","25.8","4108.2","4128.021","4108.2","8.4"
"adj_ABAB","1.005966","-0.136866","0","0","0","0","0","0","0","0","0","0.5","0.5","0.5","1","1","1","1","1","1","5000","1e+06","4000","0","0","0","0","0","0","0","1000","0","0","0","0","0","0","0","1000","0","1000","0","0","0","0","0","0","0","0","44.87","-1","-1","-1","NaN","44.87","NaN","NaN","NaN","NaN","NaN","NaN","NaN","NaN","-1","-1","NaN","NaN","-1","957","0","957","0","0","0","0","0","0","0","0","44.8557993730408","-1","-1","-1","-1","-1","-1","336.916","4005.691","4005.691","4005.691","343.296760710554","4005.5026123302","4005.5026123302","4005.5026123302","336.916","4005.691","343.296760710554","4005.5026123302","4005.691","4005.5026123302","243.528735632184"
"adj_ABAB","1.005966","-0.136866","0","0","0","0","0","0","0","0","0","0.5","0.5","0.5","1","1","1","1","1","1","5000","1e+06","4980","0","0","0","0","0","0","0","20","0","0","0","0","0","0","0","1000","867","133","0","0","0","0","0","0","0","0","18.957","-1","-1","-1","17.2848904267589","29.8571428571429","NaN","NaN","NaN","NaN","NaN","NaN","NaN","NaN","-1","-1","NaN","NaN","-1","9","0","9","0","0","0","0","0","0","0","0","31.4444444444444","-1","-1","-1","-1","-1","-1","54.503","3752.46","3752.46","3752.46","7.88888888888889","3752.11111111111","3752.11111111111","3752.11111111111","54.503","3752.46","7.88888888888889","3752.11111111111","3752.46","3752.11111111111","2.88888888888889"
"adj_ABAB","1.005966","-0.175379","0","0","0","0","0","0","0","0","0","0.5","0.5","0.5","1","1","1","1","1","1","5000","1e+06","4000","0","0","0","0","0","0","0","1000","0","0","0","0","0","0","0","1000","0","1000","0","0","0","0","0","0","0","0","34.416","-1","-1","-1","NaN","34.416","NaN","NaN","NaN","NaN","NaN","NaN","NaN","NaN","-1","-1","NaN","NaN","-1","972","0","972","0","0","0","0","0","0","0","0","34.4362139917695","-1","-1","-1","-1","-1","-1","331.737","3744.692","3744.692","3744.692","334.679012345679","3744.52263374486","3744.52263374486","3744.52263374486","331.737","3744.692","334.679012345679","3744.52263374486","3744.692","3744.52263374486","244.475308641975"
"adj_ABAB","1.005966","-0.175379","0","0","0","0","0","0","0","0","0","0.5","0.5","0.5","1","1","1","1","1","1","5000","1e+06","4980","0","0","0","0","0","0","0","20","0","0","0","0","0","0","0","1000","860","140","0","0","0","0","0","0","0","0","15.079","-1","-1","-1","13.6906976744186","23.6071428571429","NaN","NaN","NaN","NaN","NaN","NaN","NaN","NaN","-1","-1","NaN","NaN","-1","5","0","5","0","0","0","0","0","0","0","0","26.2","-1","-1","-1","-1","-1","-1","36.032","3426.438","3426.438","3426.438","8","3475","3475","3475","36.032","3426.438","8","3475","3426.438","3475","3.8"
"adj_ABAB","1.005966","-0.209431","0","0","0","0","0","0","0","0","0","0.5","0.5","0.5","1","1","1","1","1","1","5000","1e+06","4000","0","0","0","0","0","0","0","1000","0","0","0","0","0","0","0","1000","0","1000","0","0","0","0","0","0","0","0","28.563","-1","-1","-1","NaN","28.563","NaN","NaN","NaN","NaN","NaN","NaN","NaN","NaN","-1","-1","NaN","NaN","-1","965","0","965","0","0","0","0","0","0","0","0","28.5844559585492","-1","-1","-1","-1","-1","-1","345.997","3520.459","3520.459","3520.459","349.59689119171","3520.65492227979","3520.65492227979","3520.65492227979","345.997","3520.459","349.59689119171","3520.65492227979","3520.459","3520.65492227979","258.235233160622"
"adj_ABAB","1.005966","-0.209431","0","0","0","0","0","0","0","0","0","0.5","0.5","0.5","1","1","1","1","1","1","5000","1e+06","4980","0","0","0","0","0","0","0","20","0","0","0","0","0","0","0","1000","851","149","0","0","0","0","0","0","0","0","12.97","-1","-1","-1","11.9083431257344","19.0335570469799","NaN","NaN","NaN","NaN","NaN","NaN","NaN","NaN","-1","-1","NaN","NaN","-1","7","0","7","0","0","0","0","0","0","0","0","19.5714285714286","-1","-1","-1","-1","-1","-1","24.249","3150.896","3150.896","3150.896","6.28571428571429","3133.28571428571","3133.28571428571","3133.28571428571","24.249","3150.896","6.28571428571429","3133.28571428571","3150.896","3133.28571428571","4"
"adj_ABAB","1.005966","-0.238423","0","0","0","0","0","0","0","0","0","0.5","0.5","0.5","1","1","1","1","1","1","5000","1e+06","4000","0","0","0","0","0","0","0","1000","0","0","0","0","0","0","0","1000","0","1000","0","0","0","0","0","0","0","0","24.889","-1","-1","-1","NaN","24.889","NaN","NaN","NaN","NaN","NaN","NaN","NaN","NaN","-1","-1","NaN","NaN","-1","978","0","978","0","0","0","0","0","0","0","0","24.9222903885481","-1","-1","-1","-1","-1","-1","356.505","3343.75","3343.75","3343.75","358.836400817996","3343.68609406953","3343.68609406953","3343.68609406953","356.505","3343.75","358.836400817996","3343.68609406953","3343.75","3343.68609406953","270.924335378323"
"adj_ABAB","1.005966","-0.238423","0","0","0","0","0","0","0","0","0","0.5","0.5","0.5","1","1","1","1","1","1","5000","1e+06","4980","0","0","0","0","0","0","0","20","0","0","0","0","0","0","0","1000","818","182","0","0","0","0","0","0","0","0","11.46","-1","-1","-1","10.4743276283619","15.8901098901099","NaN","NaN","NaN","NaN","NaN","NaN","NaN","NaN","-1","-1","NaN","NaN","-1","6","0","6","0","0","0","0","0","0","0","0","18.3333333333333","-1","-1","-1","-1","-1","-1","16.814","2927.548","2927.548","2927.548","7.83333333333333","2942.83333333333","2942.83333333333","2942.83333333333","16.814","2927.548","7.83333333333333","2942.83333333333","2927.548","2942.83333333333","2.33333333333333"
"adj_ABAB","1.005966","-0.261759","0","0","0","0","0","0","0","0","0","0.5","0.5","0.5","1","1","1","1","1","1","5000","1e+06","4000","0","0","0","0","0","0","0","1000","0","0","0","0","0","0","0","1000","0","1000","0","0","0","0","0","0","0","0","22.57","-1","-1","-1","NaN","22.57","NaN","NaN","NaN","NaN","NaN","NaN","NaN","NaN","-1","-1","NaN","NaN","-1","980","0","980","0","0","0","0","0","0","0","0","22.5683673469388","-1","-1","-1","-1","-1","-1","363.031","3200.503","3200.503","3200.503","365.174489795918","3200.40816326531","3200.40816326531","3200.40816326531","363.031","3200.503","365.174489795918","3200.40816326531","3200.503","3200.40816326531","279.328571428571"
"adj_ABAB","1.005966","-0.261759","0","0","0","0","0","0","0","0","0","0.5","0.5","0.5","1","1","1","1","1","1","5000","1e+06","4980","0","0","0","0","0","0","0","20","0","0","0","0","0","0","0","1000","823","177","0","0","0","0","0","0","0","0","10.367","-1","-1","-1","9.44349939246659","14.6610169491525","NaN","NaN","NaN","NaN","NaN","NaN","NaN","NaN","-1","-1","NaN","NaN","-1","9","0","9","0","0","0","0","0","0","0","0","17","-1","-1","-1","-1","-1","-1","14.977","2747.621","2747.621","2747.621","8.88888888888889","2720.77777777778","2720.77777777778","2720.77777777778","14.977","2747.621","8.88888888888889","2720.77777777778","2747.621","2720.77777777778","3.22222222222222"
"adj_ABAB","1.005966","-0.27889","0","0","0","0","0","0","0","0","0","0.5","0.5","0.5","1","1","1","1","1","1","5000","1e+06","4000","0","0","0","0","0","0","0","1000","0","0","0","0","0","0","0","1000","0","1000","0","0","0","0","0","0","0","0","21.102","-1","-1","-1","NaN","21.102","NaN","NaN","NaN","NaN","NaN","NaN","NaN","NaN","-1","-1","NaN","NaN","-1","985","0","985","0","0","0","0","0","0","0","0","21.1106598984772","-1","-1","-1","-1","-1","-1","377.52","3097.708","3097.708","3097.708","378.806091370558","3097.57055837563","3097.57055837563","3097.57055837563","377.52","3097.708","378.806091370558","3097.57055837563","3097.708","3097.57055837563","293.722842639594"
"adj_ABAB","1.005966","-0.27889","0","0","0","0","0","0","0","0","0","0.5","0.5","0.5","1","1","1","1","1","1","5000","1e+06","4980","0","0","0","0","0","0","0","20","0","0","0","0","0","0","0","1000","799","201","0","0","0","0","0","0","0","0","9.909","-1","-1","-1","9.00375469336671","13.5074626865672","NaN","NaN","NaN","NaN","NaN","NaN","NaN","NaN","-1","-1","NaN","NaN","-1","2","0","2","0","0","0","0","0","0","0","0","12.5","-1","-1","-1","-1","-1","-1","11.183","2627.177","2627.177","2627.177","3.5","2602","2602","2602","11.183","2627.177","3.5","2602","2627.177","2602","3.5"
"adj_ABAB","1.005966","-0.289366","0","0","0","0","0","0","0","0","0","0.5","0.5","0.5","1","1","1","1","1","1","5000","1e+06","4000","0","0","0","0","0","0","0","1000","0","0","0","0","0","0","0","1000","0","1000","0","0","0","0","0","0","0","0","20.187","-1","-1","-1","NaN","20.187","NaN","NaN","NaN","NaN","NaN","NaN","NaN","NaN","-1","-1","NaN","NaN","-1","981","0","981","0","0","0","0","0","0","0","0","20.1977573904179","-1","-1","-1","-1","-1","-1","379.924","3041.051","3041.051","3041.051","381.43119266055","3040.80224260958","3040.80224260958","3040.80224260958","379.924","3041.051","381.43119266055","3040.80224260958","3041.051","3040.80224260958","294.902140672783"
"adj_ABAB","1.005966","-0.289366","0","0","0","0","0","0","0","0","0","0.5","0.5","0.5","1","1","1","1","1","1","5000","1e+06","4980","0","0","0","0","0","0","0","20","0","0","0","0","0","0","0","1000","838","162","0","0","0","0","0","0","0","0","9.312","-1","-1","-1","8.67064439140811","12.6296296296296","NaN","NaN","NaN","NaN","NaN","NaN","NaN","NaN","-1","-1","NaN","NaN","-1","6","0","6","0","0","0","0","0","0","0","0","13.1666666666667","-1","-1","-1","-1","-1","-1","11.16","2547.343","2547.343","2547.343","6.16666666666667","2552","2552","2552","11.16","2547.343","6.16666666666667","2552","2547.343","2552","3"
"adj_ABAB","1.005966","-0.292858","0","0","0","0","0","0","0","0","0","0.5","0.5","0.5","1","1","1","1","1","1","5000","1e+06","4000","0","0","0","0","0","0","0","1000","0","0","0","0","0","0","0","1000","0","1000","0","0","0","0","0","0","0","0","19.526","-1","-1","-1","NaN","19.526","NaN","NaN","NaN","NaN","NaN","NaN","NaN","NaN","-1","-1","NaN","NaN","-1","984","0","984","0","0","0","0","0","0","0","0","19.5335365853659","-1","-1","-1","-1","-1","-1","380.073","3017.248","3017.248","3017.248","381.959349593496","3016.99796747967","3016.99796747967","3016.99796747967","380.073","3017.248","381.959349593496","3016.99796747967","3017.248","3016.99796747967","295.526422764228"
"adj_ABAB","1.005966","-0.292858","0","0","0","0","0","0","0","0","0","0.5","0.5","0.5","1","1","1","1","1","1","5000","1e+06","4980","0","0","0","0","0","0","0","20","0","0","0","0","0","0","0","1000","817","183","0","0","0","0","0","0","0","0","9.489","-1","-1","-1","8.69400244798042","13.0382513661202","NaN","NaN","NaN","NaN","NaN","NaN","NaN","NaN","-1","-1","NaN","NaN","-1","7","0","7","0","0","0","0","0","0","0","0","14.1428571428571","-1","-1","-1","-1","-1","-1","10.04","2522.167","2522.167","2522.167","5.71428571428571","2515.85714285714","2515.85714285714","2515.85714285714","10.04","2522.167","5.71428571428571","2515.85714285714","2522.167","2515.85714285714","3"
"adj_ABAB","1.005966","-0.048685","0","0","0","0","0","0","0","0","0","0.5","0.5","0.5","1","1","1","1","1","1","5000","1e+06","4950","0","0","0","0","0","0","0","50","0","0","0","0","0","0","0","1000","797","203","0","0","0","0","0","0","0","0","59.913","-1","-1","-1","53.534504391468","84.9556650246305","NaN","NaN","NaN","NaN","NaN","NaN","NaN","NaN","-1","-1","NaN","NaN","-1","29","0","29","0","0","0","0","0","0","0","0","96","-1","-1","-1","-1","-1","-1","66.157","4557.439","4557.439","4557.439","49.6206896551724","4562.93103448276","4562.93103448276","4562.93103448276","66.157","4557.439","49.6206896551724","4562.93103448276","4557.439","4562.93103448276","17.1379310344828"
"adj_ABAB","1.005966","-0.094461","0","0","0","0","0","0","0","0","0","0.5","0.5","0.5","1","1","1","1","1","1","5000","1e+06","4950","0","0","0","0","0","0","0","50","0","0","0","0","0","0","0","1000","726","274","0","0","0","0","0","0","0","0","34.711","-1","-1","-1","30.6101928374656","45.5766423357664","NaN","NaN","NaN","NaN","NaN","NaN","NaN","NaN","-1","-1","NaN","NaN","-1","27","0","27","0","0","0","0","0","0","0","0","52.0740740740741","-1","-1","-1","-1","-1","-1","21.4","4138.924","4138.924","4138.924","23.6666666666667","4151.18518518519","4151.18518518519","4151.18518518519","21.4","4138.924","23.6666666666667","4151.18518518519","4138.924","4151.18518518519","9.62962962962963"
"adj_ABAB","1.005966","-0.136866","0","0","0","0","0","0","0","0","0","0.5","0.5","0.5","1","1","1","1","1","1","5000","1e+06","4950","0","0","0","0","0","0","0","50","0","0","0","0","0","0","0","1000","691","309","0","0","0","0","0","0","0","0","24.998","-1","-1","-1","22.2373371924747","31.1715210355987","NaN","NaN","NaN","NaN","NaN","NaN","NaN","NaN","-1","-1","NaN","NaN","-1","20","0","20","0","0","0","0","0","0","0","0","36.95","-1","-1","-1","-1","-1","-1","11.266","3761.355","3761.355","3761.355","25","3772","3772","3772","11.266","3761.355","25","3772","3761.355","3772","6.85"
"adj_ABAB","1.005966","-0.175379","0","0","0","0","0","0","0","0","0","0.5","0.5","0.5","1","1","1","1","1","1","5000","1e+06","4950","0","0","0","0","0","0","0","50","0","0","0","0","0","0","0","1000","688","312","0","0","0","0","0","0","0","0","19.646","-1","-1","-1","17.8997093023256","23.4967948717949","NaN","NaN","NaN","NaN","NaN","NaN","NaN","NaN","-1","-1","NaN","NaN","-1","17","0","17","0","0","0","0","0","0","0","0","23.9411764705882","-1","-1","-1","-1","-1","-1","7.493","3435.725","3435.725","3435.725","10.9411764705882","3449.88235294118","3449.88235294118","3449.88235294118","7.493","3435.725","10.9411764705882","3449.88235294118","3435.725","3449.88235294118","5.11764705882353"
"adj_ABAB","1.005966","-0.209431","0","0","0","0","0","0","0","0","0","0.5","0.5","0.5","1","1","1","1","1","1","5000","1e+06","4950","0","0","0","0","0","0","0","50","0","0","0","0","0","0","0","1000","643","357","0","0","0","0","0","0","0","0","16.455","-1","-1","-1","14.7636080870918","19.5014005602241","NaN","NaN","NaN","NaN","NaN","NaN","NaN","NaN","-1","-1","NaN","NaN","-1","26","0","26","0","0","0","0","0","0","0","0","20.6153846153846","-1","-1","-1","-1","-1","-1","5.458","3158.224","3158.224","3158.224","10","3170.96153846154","3170.96153846154","3170.96153846154","5.458","3158.224","10","3170.96153846154","3158.224","3170.96153846154","5.84615384615385"
"adj_ABAB","1.005966","-0.238423","0","0","0","0","0","0","0","0","0","0.5","0.5","0.5","1","1","1","1","1","1","5000","1e+06","4950","0","0","0","0","0","0","0","50","0","0","0","0","0","0","0","1000","602","398","0","0","0","0","0","0","0","0","14.821","-1","-1","-1","13.2142857142857","17.251256281407","NaN","NaN","NaN","NaN","NaN","NaN","NaN","NaN","-1","-1","NaN","NaN","-1","14","0","14","0","0","0","0","0","0","0","0","17.9285714285714","-1","-1","-1","-1","-1","-1","4.68","2934.212","2934.212","2934.212","9.92857142857143","2962.5","2962.5","2962.5","4.68","2934.212","9.92857142857143","2962.5","2934.212","2962.5","4.21428571428571"
"adj_ABAB","1.005966","-0.261759","0","0","0","0","0","0","0","0","0","0.5","0.5","0.5","1","1","1","1","1","1","5000","1e+06","4950","0","0","0","0","0","0","0","50","0","0","0","0","0","0","0","1000","612","388","0","0","0","0","0","0","0","0","13.334","-1","-1","-1","12.0751633986928","15.319587628866","NaN","NaN","NaN","NaN","NaN","NaN","NaN","NaN","-1","-1","NaN","NaN","-1","22","0","22","0","0","0","0","0","0","0","0","16.9545454545455","-1","-1","-1","-1","-1","-1","4.043","2766.332","2766.332","2766.332","9.72727272727273","2757.81818181818","2757.81818181818","2757.81818181818","4.043","2766.332","9.72727272727273","2757.81818181818","2766.332","2757.81818181818","4.09090909090909"
"adj_ABAB","1.005966","-0.27889","0","0","0","0","0","0","0","0","0","0.5","0.5","0.5","1","1","1","1","1","1","5000","1e+06","4950","0","0","0","0","0","0","0","50","0","0","0","0","0","0","0","1000","596","404","0","0","0","0","0","0","0","0","12.512","-1","-1","-1","11.3070469798658","14.289603960396","NaN","NaN","NaN","NaN","NaN","NaN","NaN","NaN","-1","-1","NaN","NaN","-1","21","0","21","0","0","0","0","0","0","0","0","14.6666666666667","-1","-1","-1","-1","-1","-1","3.503","2637.589","2637.589","2637.589","10.2857142857143","2647.04761904762","2647.04761904762","2647.04761904762","3.503","2637.589","10.2857142857143","2647.04761904762","2637.589","2647.04761904762","4.04761904761905"
"adj_ABAB","1.005966","-0.289366","0","0","0","0","0","0","0","0","0","0.5","0.5","0.5","1","1","1","1","1","1","5000","1e+06","4950","0","0","0","0","0","0","0","50","0","0","0","0","0","0","0","1000","585","415","0","0","0","0","0","0","0","0","12.095","-1","-1","-1","10.9794871794872","13.6674698795181","NaN","NaN","NaN","NaN","NaN","NaN","NaN","NaN","-1","-1","NaN","NaN","-1","15","0","15","0","0","0","0","0","0","0","0","14.8666666666667","-1","-1","-1","-1","-1","-1","3.279","2567.777","2567.777","2567.777","10.7333333333333","2572.13333333333","2572.13333333333","2572.13333333333","3.279","2567.777","10.7333333333333","2572.13333333333","2567.777","2572.13333333333","4.33333333333333"
"adj_ABAB","1.005966","-0.292858","0","0","0","0","0","0","0","0","0","0.5","0.5","0.5","1","1","1","1","1","1","5000","1e+06","4950","0","0","0","0","0","0","0","50","0","0","0","0","0","0","0","1000","603","397","0","0","0","0","0","0","0","0","11.78","-1","-1","-1","10.6782752902156","13.4534005037783","NaN","NaN","NaN","NaN","NaN","NaN","NaN","NaN","-1","-1","NaN","NaN","-1","21","0","21","0","0","0","0","0","0","0","0","14.4285714285714","-1","-1","-1","-1","-1","-1","3.414","2539.103","2539.103","2539.103","10.7142857142857","2550.66666666667","2550.66666666667","2550.66666666667","3.414","2539.103","10.7142857142857","2550.66666666667","2539.103","2550.66666666667","4.09523809523809"
"adj_ABAB","1.005966","-0.048685","0","0","0","0","0","0","0","0","0","0.5","0.5","0.5","1","1","1","1","1","1","5000","1e+06","4900","0","0","0","0","0","0","0","100","0","0","0","0","0","0","0","1000","587","413","0","0","0","0","0","0","0","0","74.251","-1","-1","-1","64.3441226575809","88.3317191283293","NaN","NaN","NaN","NaN","NaN","NaN","NaN","NaN","-1","-1","NaN","NaN","-1","64","0","64","0","0","0","0","0","0","0","0","94.421875","-1","-1","-1","-1","-1","-1","24.079","4562.596","4562.596","4562.596","52.015625","4567.359375","4567.359375","4567.359375","24.079","4562.596","52.015625","4567.359375","4562.596","4567.359375","20.5"
"adj_ABAB","1.005966","-0.094461","0","0","0","0","0","0","0","0","0","0.5","0.5","0.5","1","1","1","1","1","1","5000","1e+06","4900","0","0","0","0","0","0","0","100","0","0","0","0","0","0","0","1000","531","469","0","0","0","0","0","0","0","0","41.476","-1","-1","-1","36.5743879472693","47.0255863539446","NaN","NaN","NaN","NaN","NaN","NaN","NaN","NaN","-1","-1","NaN","NaN","-1","71","0","71","0","0","0","0","0","0","0","0","52.7887323943662","-1","-1","-1","-1","-1","-1","11.234","4139.428","4139.428","4139.428","34.2394366197183","4124.2676056338","4124.2676056338","4124.2676056338","11.234","4139.428","34.2394366197183","4124.2676056338","4139.428","4124.2676056338","13.6338028169014"
"adj_ABAB","1.005966","-0.136866","0","0","0","0","0","0","0","0","0","0.5","0.5","0.5","1","1","1","1","1","1","5000","1e+06","4900","0","0","0","0","0","0","0","100","0","0","0","0","0","0","0","1000","452","548","0","0","0","0","0","0","0","0","29.769","-1","-1","-1","26.3517699115044","32.5875912408759","NaN","NaN","NaN","NaN","NaN","NaN","NaN","NaN","-1","-1","NaN","NaN","-1","52","0","52","0","0","0","0","0","0","0","0","35.9038461538462","-1","-1","-1","-1","-1","-1","7.542","3776.328","3776.328","3776.328","23.3269230769231","3791.11538461538","3791.11538461538","3791.11538461538","7.542","3776.328","23.3269230769231","3791.11538461538","3776.328","3791.11538461538","11.9807692307692"
"adj_ABAB","1.005966","-0.175379","0","0","0","0","0","0","0","0","0","0.5","0.5","0.5","1","1","1","1","1","1","5000","1e+06","4900","0","0","0","0","0","0","0","100","0","0","0","0","0","0","0","1000","433","567","0","0","0","0","0","0","0","0","23.288","-1","-1","-1","20.9515011547344","25.0723104056437","NaN","NaN","NaN","NaN","NaN","NaN","NaN","NaN","-1","-1","NaN","NaN","-1","51","0","51","0","0","0","0","0","0","0","0","26.7450980392157","-1","-1","-1","-1","-1","-1","6.066","3455.213","3455.213","3455.213","21","3438.1568627451","3438.1568627451","3438.1568627451","6.066","3455.213","21","3438.1568627451","3455.213","3438.1568627451","9.52941176470588"
"adj_ABAB","1.005966","-0.209431","0","0","0","0","0","0","0","0","0","0.5","0.5","0.5","1","1","1","1","1","1","5000","1e+06","4900","0","0","0","0","0","0","0","100","0","0","0","0","0","0","0","1000","397","603","0","0","0","0","0","0","0","0","19.49","-1","-1","-1","17.3576826196474","20.893864013267","NaN","NaN","NaN","NaN","NaN","NaN","NaN","NaN","-1","-1","NaN","NaN","-1","51","0","51","0","0","0","0","0","0","0","0","22.3529411764706","-1","-1","-1","-1","-1","-1","5.875","3181.836","3181.836","3181.836","16.156862745098","3175.29411764706","3175.29411764706","3175.29411764706","5.875","3181.836","16.156862745098","3175.29411764706","3181.836","3175.29411764706","7.72549019607843"
"adj_ABAB","1.005966","-0.238423","0","0","0","0","0","0","0","0","0","0.5","0.5","0.5","1","1","1","1","1","1","5000","1e+06","4900","0","0","0","0","0","0","0","100","0","0","0","0","0","0","0","1000","323","677","0","0","0","0","0","0","0","0","17.299","-1","-1","-1","15.8142414860681","18.0073855243722","NaN","NaN","NaN","NaN","NaN","NaN","NaN","NaN","-1","-1","NaN","NaN","-1","57","0","57","0","0","0","0","0","0","0","0","18.719298245614","-1","-1","-1","-1","-1","-1","5.643","2959.185","2959.185","2959.185","15.280701754386","2962.33333333333","2962.33333333333","2962.33333333333","5.643","2959.185","15.280701754386","2962.33333333333","2959.185","2962.33333333333","8.42105263157895"
"adj_ABAB","1.005966","-0.261759","0","0","0","0","0","0","0","0","0","0.5","0.5","0.5","1","1","1","1","1","1","5000","1e+06","4900","0","0","0","0","0","0","0","100","0","0","0","0","0","0","0","1000","318","682","0","0","0","0","0","0","0","0","15.909","-1","-1","-1","14.3050314465409","16.6568914956012","NaN","NaN","NaN","NaN","NaN","NaN","NaN","NaN","-1","-1","NaN","NaN","-1","61","0","61","0","0","0","0","0","0","0","0","18.4590163934426","-1","-1","-1","-1","-1","-1","5.851","2788.754","2788.754","2788.754","17.5737704918033","2784.11475409836","2784.11475409836","2784.11475409836","5.851","2788.754","17.5737704918033","2784.11475409836","2788.754","2784.11475409836","8.29508196721311"
"adj_ABAB","1.005966","-0.27889","0","0","0","0","0","0","0","0","0","0.5","0.5","0.5","1","1","1","1","1","1","5000","1e+06","4900","0","0","0","0","0","0","0","100","0","0","0","0","0","0","0","1000","302","698","0","0","0","0","0","0","0","0","14.702","-1","-1","-1","13.5827814569536","15.1862464183381","NaN","NaN","NaN","NaN","NaN","NaN","NaN","NaN","-1","-1","NaN","NaN","-1","68","0","68","0","0","0","0","0","0","0","0","15.8235294117647","-1","-1","-1","-1","-1","-1","5.85","2666.085","2666.085","2666.085","17.4411764705882","2660.79411764706","2660.79411764706","2660.79411764706","5.85","2666.085","17.4411764705882","2660.79411764706","2666.085","2660.79411764706","9.01470588235294"
"adj_ABAB","1.005966","-0.289366","0","0","0","0","0","0","0","0","0","0.5","0.5","0.5","1","1","1","1","1","1","5000","1e+06","4900","0","0","0","0","0","0","0","100","0","0","0","0","0","0","0","1000","288","712","0","0","0","0","0","0","0","0","14.308","-1","-1","-1","13.0625","14.811797752809","NaN","NaN","NaN","NaN","NaN","NaN","NaN","NaN","-1","-1","NaN","NaN","-1","73","0","73","0","0","0","0","0","0","0","0","15.1643835616438","-1","-1","-1","-1","-1","-1","5.768","2590.322","2590.322","2590.322","15.6849315068493","2596.6301369863","2596.6301369863","2596.6301369863","5.768","2590.322","15.6849315068493","2596.6301369863","2590.322","2596.6301369863","7.3013698630137"
"adj_ABAB","1.005966","-0.292858","0","0","0","0","0","0","0","0","0","0.5","0.5","0.5","1","1","1","1","1","1","5000","1e+06","4900","0","0","0","0","0","0","0","100","0","0","0","0","0","0","0","1000","263","737","0","0","0","0","0","0","0","0","13.773","-1","-1","-1","12.6197718631179","14.1845318860244","NaN","NaN","NaN","NaN","NaN","NaN","NaN","NaN","-1","-1","NaN","NaN","-1","65","0","65","0","0","0","0","0","0","0","0","14.8153846153846","-1","-1","-1","-1","-1","-1","5.495","2563.398","2563.398","2563.398","13.8307692307692","2566.69230769231","2566.69230769231","2566.69230769231","5.495","2563.398","13.8307692307692","2566.69230769231","2563.398","2566.69230769231","7.52307692307692"
"adj_ABAB","1.005966","-0.048685","0","0","0","0","0","0","0","0","0","0.5","0.5","0.5","1","1","1","1","1","1","5000","1e+06","4500","0","0","0","0","0","0","0","500","0","0","0","0","0","0","0","1000","57","943","0","0","0","0","0","0","0","0","108.334","-1","-1","-1","97.1578947368421","109.009544008484","NaN","NaN","NaN","NaN","NaN","NaN","NaN","NaN","-1","-1","NaN","NaN","-1","583","0","583","0","0","0","0","0","0","0","0","112.421955403087","-1","-1","-1","-1","-1","-1","121.494","4598.803","4598.803","4598.803","174.43910806175","4601.21269296741","4601.21269296741","4601.21269296741","121.494","4598.803","174.43910806175","4601.21269296741","4598.803","4601.21269296741","89.704974271012"
"adj_ABAB","1.005966","-0.094461","0","0","0","0","0","0","0","0","0","0.5","0.5","0.5","1","1","1","1","1","1","5000","1e+06","4500","0","0","0","0","0","0","0","500","0","0","0","0","0","0","0","1000","21","979","0","0","0","0","0","0","0","0","57.614","-1","-1","-1","55.0952380952381","57.6680286006129","NaN","NaN","NaN","NaN","NaN","NaN","NaN","NaN","-1","-1","NaN","NaN","-1","564","0","564","0","0","0","0","0","0","0","0","58.8280141843972","-1","-1","-1","-1","-1","-1","88.85","4214.722","4214.722","4214.722","118.047872340426","4216.13652482269","4216.13652482269","4216.13652482269","88.85","4214.722","118.047872340426","4216.13652482269","4214.722","4216.13652482269","65.8085106382979"
"adj_ABAB","1.005966","-0.136866","0","0","0","0","0","0","0","0","0","0.5","0.5","0.5","1","1","1","1","1","1","5000","1e+06","4500","0","0","0","0","0","0","0","500","0","0","0","0","0","0","0","1000","4","996","0","0","0","0","0","0","0","0","40.697","-1","-1","-1","38.5","40.7058232931727","NaN","NaN","NaN","NaN","NaN","NaN","NaN","NaN","-1","-1","NaN","NaN","-1","594","0","594","0","0","0","0","0","0","0","0","41.1801346801347","-1","-1","-1","-1","-1","-1","90.269","3876.489","3876.489","3876.489","112.622895622896","3875.74915824916","3875.74915824916","3875.74915824916","90.269","3876.489","112.622895622896","3875.74915824916","3876.489","3875.74915824916","63.9444444444444"
"adj_ABAB","1.005966","-0.175379","0","0","0","0","0","0","0","0","0","0.5","0.5","0.5","1","1","1","1","1","1","5000","1e+06","4500","0","0","0","0","0","0","0","500","0","0","0","0","0","0","0","1000","2","998","0","0","0","0","0","0","0","0","32.034","-1","-1","-1","36.5","32.0250501002004","NaN","NaN","NaN","NaN","NaN","NaN","NaN","NaN","-1","-1","NaN","NaN","-1","571","0","571","0","0","0","0","0","0","0","0","32.2942206654991","-1","-1","-1","-1","-1","-1","86.345","3581.457","3581.457","3581.457","103.903677758319","3579.87565674256","3579.87565674256","3579.87565674256","86.345","3581.457","103.903677758319","3579.87565674256","3581.457","3579.87565674256","61.4360770577933"
"adj_ABAB","1.005966","-0.209431","0","0","0","0","0","0","0","0","0","0.5","0.5","0.5","1","1","1","1","1","1","5000","1e+06","4500","0","0","0","0","0","0","0","500","0","0","0","0","0","0","0","1000","3","997","0","0","0","0","0","0","0","0","26.57","-1","-1","-1","34.3333333333333","26.5466399197593","NaN","NaN","NaN","NaN","NaN","NaN","NaN","NaN","-1","-1","NaN","NaN","-1","590","0","590","0","0","0","0","0","0","0","0","26.5237288135593","-1","-1","-1","-1","-1","-1","89.062","3333.425","3333.425","3333.425","104.022033898305","3332.77457627119","3332.77457627119","3332.77457627119","89.062","3333.425","104.022033898305","3332.77457627119","3333.425","3332.77457627119","62.3779661016949"
"adj_ABAB","1.005966","-0.238423","0","0","0","0","0","0","0","0","0","0.5","0.5","0.5","1","1","1","1","1","1","5000","1e+06","4500","0","0","0","0","0","0","0","500","0","0","0","0","0","0","0","1000","1","999","0","0","0","0","0","0","0","0","23.115","-1","-1","-1","25","23.1131131131131","NaN","NaN","NaN","NaN","NaN","NaN","NaN","NaN","-1","-1","NaN","NaN","-1","619","0","619","0","0","0","0","0","0","0","0","23.345718901454","-1","-1","-1","-1","-1","-1","94.535","3126.648","3126.648","3126.648","104.234248788368","3127.13893376414","3127.13893376414","3127.13893376414","94.535","3126.648","104.234248788368","3127.13893376414","3126.648","3127.13893376414","61.8836833602585"
"adj_ABAB","1.005966","-0.261759","0","0","0","0","0","0","0","0","0","0.5","0.5","0.5","1","1","1","1","1","1","5000","1e+06","4500","0","0","0","0","0","0","0","500","0","0","0","0","0","0","0","1000","0","1000","0","0","0","0","0","0","0","0","21.138","-1","-1","-1","NaN","21.138","NaN","NaN","NaN","NaN","NaN","NaN","NaN","NaN","-1","-1","NaN","NaN","-1","628","0","628","0","0","0","0","0","0","0","0","21.3614649681529","-1","-1","-1","-1","-1","-1","96.819","2968.294","2968.294","2968.294","108.296178343949","2967.5398089172","2967.5398089172","2967.5398089172","96.819","2968.294","108.296178343949","2967.5398089172","2968.294","2967.5398089172","64.9458598726115"
"adj_ABAB","1.005966","-0.27889","0","0","0","0","0","0","0","0","0","0.5","0.5","0.5","1","1","1","1","1","1","5000","1e+06","4500","0","0","0","0","0","0","0","500","0","0","0","0","0","0","0","1000","0","1000","0","0","0","0","0","0","0","0","19.373","-1","-1","-1","NaN","19.373","NaN","NaN","NaN","NaN","NaN","NaN","NaN","NaN","-1","-1","NaN","NaN","-1","661","0","661","0","0","0","0","0","0","0","0","19.4402420574887","-1","-1","-1","-1","-1","-1","101.878","2856.681","2856.681","2856.681","111.760968229955","2855.76096822995","2855.76096822995","2855.76096822995","101.878","2856.681","111.760968229955","2855.76096822995","2856.681","2855.76096822995","67.5809379727685"
"adj_ABAB","1.005966","-0.289366","0","0","0","0","0","0","0","0","0","0.5","0.5","0.5","1","1","1","1","1","1","5000","1e+06","4500","0","0","0","0","0","0","0","500","0","0","0","0","0","0","0","1000","0","1000","0","0","0","0","0","0","0","0","18.718","-1","-1","-1","NaN","18.718","NaN","NaN","NaN","NaN","NaN","NaN","NaN","NaN","-1","-1","NaN","NaN","-1","692","0","692","0","0","0","0","0","0","0","0","18.7023121387283","-1","-1","-1","-1","-1","-1","103.072","2787.209","2787.209","2787.209","112.417630057803","2788.80202312139","2788.80202312139","2788.80202312139","103.072","2787.209","112.417630057803","2788.80202312139","2787.209","2788.80202312139","69.364161849711"
"adj_ABAB","1.005966","-0.292858","0","0","0","0","0","0","0","0","0","0.5","0.5","0.5","1","1","1","1","1","1","5000","1e+06","4500","0","0","0","0","0","0","0","500","0","0","0","0","0","0","0","1000","0","1000","0","0","0","0","0","0","0","0","18.56","-1","-1","-1","NaN","18.56","NaN","NaN","NaN","NaN","NaN","NaN","NaN","NaN","-1","-1","NaN","NaN","-1","684","0","684","0","0","0","0","0","0","0","0","18.4605263157895","-1","-1","-1","-1","-1","-1","105.764","2766.311","2766.311","2766.311","115.603801169591","2767.66228070175","2767.66228070175","2767.66228070175","105.764","2766.311","115.603801169591","2767.66228070175","2766.311","2767.66228070175","71.7763157894737"
NA,"1.005966","-0.048685","0","0","0","0","0","0","0","0","0","0.5","0.5","0.5","1","1","1","1","1","1","5000","1e+06","4800","0","0","0","0","0","0","0","200","0","0","0","0","0","0","0","1000","320","680","0","0","0","0","0","0","0","0","89.624","-1","-1","-1","76.5125","95.7941176470588","NaN","NaN","NaN","NaN","NaN","NaN","NaN","NaN","-1","-1","NaN","NaN","-1","189","0","189","0","0","0","0","0","0","0","0","100.306878306878","-1","-1","-1","-1","-1","-1","27.882","4572.754","4572.754","4572.754","71.1587301587302","4571.7619047619","4571.7619047619","4571.7619047619","27.882","4572.754","71.1587301587302","4571.7619047619","4572.754","4571.7619047619","30.4656084656085"
NA,"1.005966","-0.094461","0","0","0","0","0","0","0","0","0","0.5","0.5","0.5","1","1","1","1","1","1","5000","1e+06","4800","0","0","0","0","0","0","0","200","0","0","0","0","0","0","0","1000","253","747","0","0","0","0","0","0","0","0","48.289","-1","-1","-1","42.3754940711462","50.2918340026774","NaN","NaN","NaN","NaN","NaN","NaN","NaN","NaN","-1","-1","NaN","NaN","-1","158","0","158","0","0","0","0","0","0","0","0","53.246835443038","-1","-1","-1","-1","-1","-1","18.139","4158.83","4158.83","4158.83","45.6645569620253","4168.1329113924","4168.1329113924","4168.1329113924","18.139","4158.83","45.6645569620253","4168.1329113924","4158.83","4168.1329113924","22.7974683544304"
NA,"1.005966","-0.136866","0","0","0","0","0","0","0","0","0","0.5","0.5","0.5","1","1","1","1","1","1","5000","1e+06","4800","0","0","0","0","0","0","0","200","0","0","0","0","0","0","0","1000","176","824","0","0","0","0","0","0","0","0","34.67","-1","-1","-1","31.1761363636364","35.4162621359223","NaN","NaN","NaN","NaN","NaN","NaN","NaN","NaN","-1","-1","NaN","NaN","-1","174","0","174","0","0","0","0","0","0","0","0","37.264367816092","-1","-1","-1","-1","-1","-1","16.952","3800.174","3800.174","3800.174","36.3563218390805","3798.94252873563","3798.94252873563","3798.94252873563","16.952","3800.174","36.3563218390805","3798.94252873563","3800.174","3798.94252873563","17.735632183908"
NA,"1.005966","-0.175379","0","0","0","0","0","0","0","0","0","0.5","0.5","0.5","1","1","1","1","1","1","5000","1e+06","4800","0","0","0","0","0","0","0","200","0","0","0","0","0","0","0","1000","131","869","0","0","0","0","0","0","0","0","27.286","-1","-1","-1","24.9007633587786","27.6455696202532","NaN","NaN","NaN","NaN","NaN","NaN","NaN","NaN","-1","-1","NaN","NaN","-1","156","0","156","0","0","0","0","0","0","0","0","28.8525641025641","-1","-1","-1","-1","-1","-1","16.136","3484.463","3484.463","3484.463","34.8782051282051","3494.29487179487","3494.29487179487","3494.29487179487","16.136","3484.463","34.8782051282051","3494.29487179487","3484.463","3494.29487179487","17.2051282051282"
NA,"1.005966","-0.209431","0","0","0","0","0","0","0","0","0","0.5","0.5","0.5","1","1","1","1","1","1","5000","1e+06","4800","0","0","0","0","0","0","0","200","0","0","0","0","0","0","0","1000","103","897","0","0","0","0","0","0","0","0","22.786","-1","-1","-1","20.4174757281553","23.0579710144928","NaN","NaN","NaN","NaN","NaN","NaN","NaN","NaN","-1","-1","NaN","NaN","-1","159","0","159","0","0","0","0","0","0","0","0","23.3710691823899","-1","-1","-1","-1","-1","-1","17.038","3222.007","3222.007","3222.007","31.3081761006289","3226.31446540881","3226.31446540881","3226.31446540881","17.038","3222.007","31.3081761006289","3226.31446540881","3222.007","3226.31446540881","16.5220125786164"
NA,"1.005966","-0.238423","0","0","0","0","0","0","0","0","0","0.5","0.5","0.5","1","1","1","1","1","1","5000","1e+06","4800","0","0","0","0","0","0","0","200","0","0","0","0","0","0","0","1000","88","912","0","0","0","0","0","0","0","0","20.054","-1","-1","-1","18.8181818181818","20.1732456140351","NaN","NaN","NaN","NaN","NaN","NaN","NaN","NaN","-1","-1","NaN","NaN","-1","181","0","181","0","0","0","0","0","0","0","0","21.1160220994475","-1","-1","-1","-1","-1","-1","16.994","3002.744","3002.744","3002.744","31.7955801104972","3005.70718232044","3005.70718232044","3005.70718232044","16.994","3002.744","31.7955801104972","3005.70718232044","3002.744","3005.70718232044","15.1546961325967"
NA,"1.005966","-0.261759","0","0","0","0","0","0","0","0","0","0.5","0.5","0.5","1","1","1","1","1","1","5000","1e+06","4800","0","0","0","0","0","0","0","200","0","0","0","0","0","0","0","1000","56","944","0","0","0","0","0","0","0","0","18.199","-1","-1","-1","16.625","18.2923728813559","NaN","NaN","NaN","NaN","NaN","NaN","NaN","NaN","-1","-1","NaN","NaN","-1","176","0","176","0","0","0","0","0","0","0","0","18.9602272727273","-1","-1","-1","-1","-1","-1","18.762","2833.392","2833.392","2833.392","31.0340909090909","2829.44318181818","2829.44318181818","2829.44318181818","18.762","2833.392","31.0340909090909","2829.44318181818","2833.392","2829.44318181818","16.7215909090909"
NA,"1.005966","-0.27889","0","0","0","0","0","0","0","0","0","0.5","0.5","0.5","1","1","1","1","1","1","5000","1e+06","4800","0","0","0","0","0","0","0","200","0","0","0","0","0","0","0","1000","58","942","0","0","0","0","0","0","0","0","16.742","-1","-1","-1","15.6379310344828","16.8099787685775","NaN","NaN","NaN","NaN","NaN","NaN","NaN","NaN","-1","-1","NaN","NaN","-1","185","0","185","0","0","0","0","0","0","0","0","16.8864864864865","-1","-1","-1","-1","-1","-1","18.908","2713.832","2713.832","2713.832","30.0486486486486","2719.07027027027","2719.07027027027","2719.07027027027","18.908","2713.832","30.0486486486486","2719.07027027027","2713.832","2719.07027027027","16.2"
NA,"1.005966","-0.289366","0","0","0","0","0","0","0","0","0","0.5","0.5","0.5","1","1","1","1","1","1","5000","1e+06","4800","0","0","0","0","0","0","0","200","0","0","0","0","0","0","0","1000","59","941","0","0","0","0","0","0","0","0","16.24","-1","-1","-1","15.7966101694915","16.2678002125398","NaN","NaN","NaN","NaN","NaN","NaN","NaN","NaN","-1","-1","NaN","NaN","-1","186","0","186","0","0","0","0","0","0","0","0","16.5537634408602","-1","-1","-1","-1","-1","-1","18.286","2640.25","2640.25","2640.25","28.3924731182796","2640.28494623656","2640.28494623656","2640.28494623656","18.286","2640.25","28.3924731182796","2640.28494623656","2640.25","2640.28494623656","15.241935483871"
NA,"1.005966","-0.292858","0","0","0","0","0","0","0","0","0","0.5","0.5","0.5","1","1","1","1","1","1","5000","1e+06","4800","0","0","0","0","0","0","0","200","0","0","0","0","0","0","0","1000","48","952","0","0","0","0","0","0","0","0","16.079","-1","-1","-1","15.5","16.1081932773109","NaN","NaN","NaN","NaN","NaN","NaN","NaN","NaN","-1","-1","NaN","NaN","-1","193","0","193","0","0","0","0","0","0","0","0","16.3626943005181","-1","-1","-1","-1","-1","-1","18.473","2614.876","2614.876","2614.876","27.3626943005181","2612.74611398964","2612.74611398964","2612.74611398964","18.473","2614.876","27.3626943005181","2612.74611398964","2614.876","2612.74611398964","15.2435233160622"
NA,"1.005966","-0.048685","0","0","0","0","0","0","0","0","0","0.5","0.5","0.5","1","1","1","1","1","1","5000","1e+06","4600","0","0","0","0","0","0","0","400","0","0","0","0","0","0","0","1000","83","917","0","0","0","0","0","0","0","0","103.079","-1","-1","-1","88.433734939759","104.404580152672","NaN","NaN","NaN","NaN","NaN","NaN","NaN","NaN","-1","-1","NaN","NaN","-1","464","0","464","0","0","0","0","0","0","0","0","108.799568965517","-1","-1","-1","-1","-1","-1","85.086","4589.917","4589.917","4589.917","143.064655172414","4591.17887931035","4591.17887931035","4591.17887931035","85.086","4589.917","143.064655172414","4591.17887931035","4589.917","4591.17887931035","69.7198275862069"
NA,"1.005966","-0.094461","0","0","0","0","0","0","0","0","0","0.5","0.5","0.5","1","1","1","1","1","1","5000","1e+06","4600","0","0","0","0","0","0","0","400","0","0","0","0","0","0","0","1000","47","953","0","0","0","0","0","0","0","0","56.159","-1","-1","-1","56.1489361702128","56.1594963273872","NaN","NaN","NaN","NaN","NaN","NaN","NaN","NaN","-1","-1","NaN","NaN","-1","409","0","409","0","0","0","0","0","0","0","0","57.8777506112469","-1","-1","-1","-1","-1","-1","58.819","4197.436","4197.436","4197.436","92.9706601466993","4198.87775061125","4198.87775061125","4198.87775061125","58.819","4197.436","92.9706601466993","4198.87775061125","4197.436","4198.87775061125","48.5452322738386"
NA,"1.005966","-0.136866","0","0","0","0","0","0","0","0","0","0.5","0.5","0.5","1","1","1","1","1","1","5000","1e+06","4600","0","0","0","0","0","0","0","400","0","0","0","0","0","0","0","1000","17","983","0","0","0","0","0","0","0","0","39.606","-1","-1","-1","34.8235294117647","39.6887080366226","NaN","NaN","NaN","NaN","NaN","NaN","NaN","NaN","-1","-1","NaN","NaN","-1","409","0","409","0","0","0","0","0","0","0","0","40.6650366748166","-1","-1","-1","-1","-1","-1","57.334","3853.025","3853.025","3853.025","81.0757946210269","3857.78973105134","3857.78973105134","3857.78973105134","57.334","3853.025","81.0757946210269","3857.78973105134","3853.025","3857.78973105134","44.3251833740831"
NA,"1.005966","-0.175379","0","0","0","0","0","0","0","0","0","0.5","0.5","0.5","1","1","1","1","1","1","5000","1e+06","4600","0","0","0","0","0","0","0","400","0","0","0","0","0","0","0","1000","10","990","0","0","0","0","0","0","0","0","30.722","-1","-1","-1","30.5","30.7242424242424","NaN","NaN","NaN","NaN","NaN","NaN","NaN","NaN","-1","-1","NaN","NaN","-1","442","0","442","0","0","0","0","0","0","0","0","30.9751131221719","-1","-1","-1","-1","-1","-1","55.866","3548.207","3548.207","3548.207","74.1108597285068","3551.39592760181","3551.39592760181","3551.39592760181","55.866","3548.207","74.1108597285068","3551.39592760181","3548.207","3551.39592760181","43.7873303167421"
NA,"1.005966","-0.209431","0","0","0","0","0","0","0","0","0","0.5","0.5","0.5","1","1","1","1","1","1","5000","1e+06","4600","0","0","0","0","0","0","0","400","0","0","0","0","0","0","0","1000","6","994","0","0","0","0","0","0","0","0","25.69","-1","-1","-1","27.5","25.6790744466801","NaN","NaN","NaN","NaN","NaN","NaN","NaN","NaN","-1","-1","NaN","NaN","-1","460","0","460","0","0","0","0","0","0","0","0","25.8304347826087","-1","-1","-1","-1","-1","-1","58.788","3293.292","3293.292","3293.292","75.7847826086957","3288.80652173913","3288.80652173913","3288.80652173913","58.788","3293.292","75.7847826086957","3288.80652173913","3293.292","3288.80652173913","41.0347826086957"
NA,"1.005966","-0.238423","0","0","0","0","0","0","0","0","0","0.5","0.5","0.5","1","1","1","1","1","1","5000","1e+06","4600","0","0","0","0","0","0","0","400","0","0","0","0","0","0","0","1000","1","999","0","0","0","0","0","0","0","0","22.336","-1","-1","-1","34","22.3243243243243","NaN","NaN","NaN","NaN","NaN","NaN","NaN","NaN","-1","-1","NaN","NaN","-1","481","0","481","0","0","0","0","0","0","0","0","22.4989604989605","-1","-1","-1","-1","-1","-1","62.059","3087.746","3087.746","3087.746","74.993762993763","3087.41372141372","3087.41372141372","3087.41372141372","62.059","3087.746","74.993762993763","3087.41372141372","3087.746","3087.41372141372","44.1455301455301"
NA,"1.005966","-0.261759","0","0","0","0","0","0","0","0","0","0.5","0.5","0.5","1","1","1","1","1","1","5000","1e+06","4600","0","0","0","0","0","0","0","400","0","0","0","0","0","0","0","1000","1","999","0","0","0","0","0","0","0","0","20.155","-1","-1","-1","15","20.1601601601602","NaN","NaN","NaN","NaN","NaN","NaN","NaN","NaN","-1","-1","NaN","NaN","-1","491","0","491","0","0","0","0","0","0","0","0","20.1283095723014","-1","-1","-1","-1","-1","-1","64.053","2924.467","2924.467","2924.467","77.0183299389002","2925.48472505092","2925.48472505092","2925.48472505092","64.053","2924.467","77.0183299389002","2925.48472505092","2924.467","2925.48472505092","43.7291242362525"
NA,"1.005966","-0.27889","0","0","0","0","0","0","0","0","0","0.5","0.5","0.5","1","1","1","1","1","1","5000","1e+06","4600","0","0","0","0","0","0","0","400","0","0","0","0","0","0","0","1000","1","999","0","0","0","0","0","0","0","0","19.034","-1","-1","-1","20","19.033033033033","NaN","NaN","NaN","NaN","NaN","NaN","NaN","NaN","-1","-1","NaN","NaN","-1","516","0","516","0","0","0","0","0","0","0","0","19.0717054263566","-1","-1","-1","-1","-1","-1","66.519","2808.891","2808.891","2808.891","78.1569767441861","2807.73062015504","2807.73062015504","2807.73062015504","66.519","2808.891","78.1569767441861","2807.73062015504","2808.891","2807.73062015504","45.1744186046512"
NA,"1.005966","-0.289366","0","0","0","0","0","0","0","0","0","0.5","0.5","0.5","1","1","1","1","1","1","5000","1e+06","4600","0","0","0","0","0","0","0","400","0","0","0","0","0","0","0","1000","0","1000","0","0","0","0","0","0","0","0","18.029","-1","-1","-1","NaN","18.029","NaN","NaN","NaN","NaN","NaN","NaN","NaN","NaN","-1","-1","NaN","NaN","-1","518","0","518","0","0","0","0","0","0","0","0","18.0366795366795","-1","-1","-1","-1","-1","-1","66.992","2738.444","2738.444","2738.444","76.0482625482625","2741.22007722008","2741.22007722008","2741.22007722008","66.992","2738.444","76.0482625482625","2741.22007722008","2738.444","2741.22007722008","45.4362934362934"
NA,"1.005966","-0.292858","0","0","0","0","0","0","0","0","0","0.5","0.5","0.5","1","1","1","1","1","1","5000","1e+06","4600","0","0","0","0","0","0","0","400","0","0","0","0","0","0","0","1000","0","1000","0","0","0","0","0","0","0","0","18.109","-1","-1","-1","NaN","18.109","NaN","NaN","NaN","NaN","NaN","NaN","NaN","NaN","-1","-1","NaN","NaN","-1","540","0","540","0","0","0","0","0","0","0","0","18.0833333333333","-1","-1","-1","-1","-1","-1","70.324","2720.244","2720.244","2720.244","81.6240740740741","2720.46296296296","2720.46296296296","2720.46296296296","70.324","2720.244","81.6240740740741","2720.46296296296","2720.244","2720.46296296296","48.9092592592593"
NA,"1.005966","-0.048685","0","0","0","0","0","0","0","0","0","0.5","0.5","0.5","1","1","1","1","1","1","5000","1e+06","4375","0","0","0","0","0","0","0","625","0","0","0","0","0","0","0","1000","21","979","0","0","0","0","0","0","0","0","111.983","-1","-1","-1","107.52380952381","112.078651685393","NaN","NaN","NaN","NaN","NaN","NaN","NaN","NaN","-1","-1","NaN","NaN","-1","722","0","722","0","0","0","0","0","0","0","0","114.019390581717","-1","-1","-1","-1","-1","-1","189.405","4615.632","4615.632","4615.632","237.648199445983","4615.05540166205","4615.05540166205","4615.05540166205","189.405","4615.632","237.648199445983","4615.05540166205","4615.632","4615.05540166205","126.898891966759"
NA,"1.005966","-0.094461","0","0","0","0","0","0","0","0","0","0.5","0.5","0.5","1","1","1","1","1","1","5000","1e+06","4375","0","0","0","0","0","0","0","625","0","0","0","0","0","0","0","1000","4","996","0","0","0","0","0","0","0","0","60.341","-1","-1","-1","68.25","60.3092369477912","NaN","NaN","NaN","NaN","NaN","NaN","NaN","NaN","-1","-1","NaN","NaN","-1","696","0","696","0","0","0","0","0","0","0","0","60.7945402298851","-1","-1","-1","-1","-1","-1","142.382","4239.313","4239.313","4239.313","171.028735632184","4241.71982758621","4241.71982758621","4241.71982758621","142.382","4239.313","171.028735632184","4241.71982758621","4239.313","4241.71982758621","100.287356321839"
NA,"1.005966","-0.136866","0","0","0","0","0","0","0","0","0","0.5","0.5","0.5","1","1","1","1","1","1","5000","1e+06","4375","0","0","0","0","0","0","0","625","0","0","0","0","0","0","0","1000","0","1000","0","0","0","0","0","0","0","0","42.237","-1","-1","-1","NaN","42.237","NaN","NaN","NaN","NaN","NaN","NaN","NaN","NaN","-1","-1","NaN","NaN","-1","699","0","699","0","0","0","0","0","0","0","0","42.4048640915594","-1","-1","-1","-1","-1","-1","132.266","3904.022","3904.022","3904.022","150.689556509299","3905.23605150215","3905.23605150215","3905.23605150215","132.266","3904.022","150.689556509299","3905.23605150215","3904.022","3905.23605150215","92.9785407725322"
NA,"1.005966","-0.175379","0","0","0","0","0","0","0","0","0","0.5","0.5","0.5","1","1","1","1","1","1","5000","1e+06","4375","0","0","0","0","0","0","0","625","0","0","0","0","0","0","0","1000","0","1000","0","0","0","0","0","0","0","0","32.913","-1","-1","-1","NaN","32.913","NaN","NaN","NaN","NaN","NaN","NaN","NaN","NaN","-1","-1","NaN","NaN","-1","731","0","731","0","0","0","0","0","0","0","0","33.077975376197","-1","-1","-1","-1","-1","-1","137.289","3624.99","3624.99","3624.99","150.857729138167","3623.74418604651","3623.74418604651","3623.74418604651","137.289","3624.99","150.857729138167","3623.74418604651","3624.99","3623.74418604651","91.9658002735978"
NA,"1.005966","-0.209431","0","0","0","0","0","0","0","0","0","0.5","0.5","0.5","1","1","1","1","1","1","5000","1e+06","4375","0","0","0","0","0","0","0","625","0","0","0","0","0","0","0","1000","0","1000","0","0","0","0","0","0","0","0","27.417","-1","-1","-1","NaN","27.417","NaN","NaN","NaN","NaN","NaN","NaN","NaN","NaN","-1","-1","NaN","NaN","-1","760","0","760","0","0","0","0","0","0","0","0","27.5276315789474","-1","-1","-1","-1","-1","-1","142.502","3376.035","3376.035","3376.035","152.95","3376.74868421053","3376.74868421053","3376.74868421053","142.502","3376.035","152.95","3376.74868421053","3376.035","3376.74868421053","97.0578947368421"
NA,"1.005966","-0.238423","0","0","0","0","0","0","0","0","0","0.5","0.5","0.5","1","1","1","1","1","1","5000","1e+06","4375","0","0","0","0","0","0","0","625","0","0","0","0","0","0","0","1000","0","1000","0","0","0","0","0","0","0","0","23.453","-1","-1","-1","NaN","23.453","NaN","NaN","NaN","NaN","NaN","NaN","NaN","NaN","-1","-1","NaN","NaN","-1","781","0","781","0","0","0","0","0","0","0","0","23.4903969270166","-1","-1","-1","-1","-1","-1","147.072","3183.237","3183.237","3183.237","158.475032010243","3185.22791293214","3185.22791293214","3185.22791293214","147.072","3183.237","158.475032010243","3185.22791293214","3183.237","3185.22791293214","103.399487836108"
NA,"1.005966","-0.261759","0","0","0","0","0","0","0","0","0","0.5","0.5","0.5","1","1","1","1","1","1","5000","1e+06","4375","0","0","0","0","0","0","0","625","0","0","0","0","0","0","0","1000","0","1000","0","0","0","0","0","0","0","0","21.657","-1","-1","-1","NaN","21.657","NaN","NaN","NaN","NaN","NaN","NaN","NaN","NaN","-1","-1","NaN","NaN","-1","817","0","817","0","0","0","0","0","0","0","0","21.7307221542228","-1","-1","-1","-1","-1","-1","153.429","3027.807","3027.807","3027.807","161.35006119951","3028.12851897185","3028.12851897185","3028.12851897185","153.429","3027.807","161.35006119951","3028.12851897185","3027.807","3028.12851897185","107.883720930233"
NA,"1.005966","-0.27889","0","0","0","0","0","0","0","0","0","0.5","0.5","0.5","1","1","1","1","1","1","5000","1e+06","4375","0","0","0","0","0","0","0","625","0","0","0","0","0","0","0","1000","0","1000","0","0","0","0","0","0","0","0","19.845","-1","-1","-1","NaN","19.845","NaN","NaN","NaN","NaN","NaN","NaN","NaN","NaN","-1","-1","NaN","NaN","-1","818","0","818","0","0","0","0","0","0","0","0","19.8484107579462","-1","-1","-1","-1","-1","-1","155.722","2917.362","2917.362","2917.362","162.754278728606","2918.75183374083","2918.75183374083","2918.75183374083","155.722","2917.362","162.754278728606","2918.75183374083","2917.362","2918.75183374083","105.100244498777"
NA,"1.005966","-0.289366","0","0","0","0","0","0","0","0","0","0.5","0.5","0.5","1","1","1","1","1","1","5000","1e+06","4375","0","0","0","0","0","0","0","625","0","0","0","0","0","0","0","1000","0","1000","0","0","0","0","0","0","0","0","19.098","-1","-1","-1","NaN","19.098","NaN","NaN","NaN","NaN","NaN","NaN","NaN","NaN","-1","-1","NaN","NaN","-1","791","0","791","0","0","0","0","0","0","0","0","19.0733249051833","-1","-1","-1","-1","-1","-1","156.374","2848.071","2848.071","2848.071","165.604298356511","2848.39696586599","2848.39696586599","2848.39696586599","156.374","2848.071","165.604298356511","2848.39696586599","2848.071","2848.39696586599","107.653603034134"
NA,"1.005966","-0.292858","0","0","0","0","0","0","0","0","0","0.5","0.5","0.5","1","1","1","1","1","1","5000","1e+06","4375","0","0","0","0","0","0","0","625","0","0","0","0","0","0","0","1000","0","1000","0","0","0","0","0","0","0","0","19.003","-1","-1","-1","NaN","19.003","NaN","NaN","NaN","NaN","NaN","NaN","NaN","NaN","-1","-1","NaN","NaN","-1","823","0","823","0","0","0","0","0","0","0","0","19.0947752126367","-1","-1","-1","-1","-1","-1","157.618","2829.828","2829.828","2829.828","163.399756986634","2830.70838396112","2830.70838396112","2830.70838396112","157.618","2829.828","163.399756986634","2830.70838396112","2829.828","2830.70838396112","108.130012150668"
NA,"1.005966","-0.048685","0","0","0","0","0","0","0","0","0","0.5","0.5","0.5","1","1","1","1","1","1","5000","1e+06","4125","0","0","0","0","0","0","0","875","0","0","0","0","0","0","0","1000","3","997","0","0","0","0","0","0","0","0","120.486","-1","-1","-1","158","120.373119358074","NaN","NaN","NaN","NaN","NaN","NaN","NaN","NaN","-1","-1","NaN","NaN","-1","887","0","887","0","0","0","0","0","0","0","0","121.581736189402","-1","-1","-1","-1","-1","-1","365.845","4636.713","4636.713","4636.713","399.147688838782","4637.60090191657","4637.60090191657","4637.60090191657","365.845","4636.713","399.147688838782","4637.60090191657","4636.713","4637.60090191657","235.532130777903"
NA,"1.005966","-0.094461","0","0","0","0","0","0","0","0","0","0.5","0.5","0.5","1","1","1","1","1","1","5000","1e+06","4125","0","0","0","0","0","0","0","875","0","0","0","0","0","0","0","1000","1","999","0","0","0","0","0","0","0","0","63.788","-1","-1","-1","87","63.7647647647648","NaN","NaN","NaN","NaN","NaN","NaN","NaN","NaN","-1","-1","NaN","NaN","-1","897","0","897","0","0","0","0","0","0","0","0","64.0234113712375","-1","-1","-1","-1","-1","-1","277.033","4283.891","4283.891","4283.891","291.984392419175","4284.38127090301","4284.38127090301","4284.38127090301","277.033","4283.891","291.984392419175","4284.38127090301","4283.891","4284.38127090301","192.559643255295"
NA,"1.005966","-0.136866","0","0","0","0","0","0","0","0","0","0.5","0.5","0.5","1","1","1","1","1","1","5000","1e+06","4125","0","0","0","0","0","0","0","875","0","0","0","0","0","0","0","1000","0","1000","0","0","0","0","0","0","0","0","44.089","-1","-1","-1","NaN","44.089","NaN","NaN","NaN","NaN","NaN","NaN","NaN","NaN","-1","-1","NaN","NaN","-1","926","0","926","0","0","0","0","0","0","0","0","44.0745140388769","-1","-1","-1","-1","-1","-1","255.897","3972.848","3972.848","3972.848","264.92656587473","3973.08531317495","3973.08531317495","3973.08531317495","255.897","3972.848","264.92656587473","3973.08531317495","3972.848","3973.08531317495","182.289416846652"
NA,"1.005966","-0.175379","0","0","0","0","0","0","0","0","0","0.5","0.5","0.5","1","1","1","1","1","1","5000","1e+06","4125","0","0","0","0","0","0","0","875","0","0","0","0","0","0","0","1000","0","1000","0","0","0","0","0","0","0","0","34.253","-1","-1","-1","NaN","34.253","NaN","NaN","NaN","NaN","NaN","NaN","NaN","NaN","-1","-1","NaN","NaN","-1","916","0","916","0","0","0","0","0","0","0","0","34.1779475982533","-1","-1","-1","-1","-1","-1","261.105","3704.563","3704.563","3704.563","269.53056768559","3704.40174672489","3704.40174672489","3704.40174672489","261.105","3704.563","269.53056768559","3704.40174672489","3704.563","3704.40174672489","186.165938864629"
NA,"1.005966","-0.209431","0","0","0","0","0","0","0","0","0","0.5","0.5","0.5","1","1","1","1","1","1","5000","1e+06","4125","0","0","0","0","0","0","0","875","0","0","0","0","0","0","0","1000","0","1000","0","0","0","0","0","0","0","0","28.348","-1","-1","-1","NaN","28.348","NaN","NaN","NaN","NaN","NaN","NaN","NaN","NaN","-1","-1","NaN","NaN","-1","941","0","941","0","0","0","0","0","0","0","0","28.3198724760893","-1","-1","-1","-1","-1","-1","268.347","3472.418","3472.418","3472.418","273.012752391073","3472.53241232731","3472.53241232731","3472.53241232731","268.347","3472.418","273.012752391073","3472.53241232731","3472.418","3472.53241232731","194.226354941552"
NA,"1.005966","-0.238423","0","0","0","0","0","0","0","0","0","0.5","0.5","0.5","1","1","1","1","1","1","5000","1e+06","4125","0","0","0","0","0","0","0","875","0","0","0","0","0","0","0","1000","0","1000","0","0","0","0","0","0","0","0","24.505","-1","-1","-1","NaN","24.505","NaN","NaN","NaN","NaN","NaN","NaN","NaN","NaN","-1","-1","NaN","NaN","-1","937","0","937","0","0","0","0","0","0","0","0","24.5250800426894","-1","-1","-1","-1","-1","-1","277.267","3287.416","3287.416","3287.416","281.559231590181","3287.37886872999","3287.37886872999","3287.37886872999","277.267","3287.416","281.559231590181","3287.37886872999","3287.416","3287.37886872999","201.876200640342"
NA,"1.005966","-0.261759","0","0","0","0","0","0","0","0","0","0.5","0.5","0.5","1","1","1","1","1","1","5000","1e+06","4125","0","0","0","0","0","0","0","875","0","0","0","0","0","0","0","1000","0","1000","0","0","0","0","0","0","0","0","22.471","-1","-1","-1","NaN","22.471","NaN","NaN","NaN","NaN","NaN","NaN","NaN","NaN","-1","-1","NaN","NaN","-1","956","0","956","0","0","0","0","0","0","0","0","22.4665271966527","-1","-1","-1","-1","-1","-1","285.362","3141.219","3141.219","3141.219","288.666317991632","3141.4550209205","3141.4550209205","3141.4550209205","285.362","3141.219","288.666317991632","3141.4550209205","3141.219","3141.4550209205","210.870292887029"
NA,"1.005966","-0.27889","0","0","0","0","0","0","0","0","0","0.5","0.5","0.5","1","1","1","1","1","1","5000","1e+06","4125","0","0","0","0","0","0","0","875","0","0","0","0","0","0","0","1000","0","1000","0","0","0","0","0","0","0","0","20.717","-1","-1","-1","NaN","20.717","NaN","NaN","NaN","NaN","NaN","NaN","NaN","NaN","-1","-1","NaN","NaN","-1","948","0","948","0","0","0","0","0","0","0","0","20.6698312236287","-1","-1","-1","-1","-1","-1","289.488","3041.227","3041.227","3041.227","293.70253164557","3041.19725738397","3041.19725738397","3041.19725738397","289.488","3041.227","293.70253164557","3041.19725738397","3041.227","3041.19725738397","216.713080168776"
NA,"1.005966","-0.289366","0","0","0","0","0","0","0","0","0","0.5","0.5","0.5","1","1","1","1","1","1","5000","1e+06","4125","0","0","0","0","0","0","0","875","0","0","0","0","0","0","0","1000","0","1000","0","0","0","0","0","0","0","0","19.874","-1","-1","-1","NaN","19.874","NaN","NaN","NaN","NaN","NaN","NaN","NaN","NaN","-1","-1","NaN","NaN","-1","956","0","956","0","0","0","0","0","0","0","0","19.8797071129707","-1","-1","-1","-1","-1","-1","298.495","2976.832","2976.832","2976.832","301.370292887029","2976.23221757322","2976.23221757322","2976.23221757322","298.495","2976.832","301.370292887029","2976.23221757322","2976.832","2976.23221757322","220.769874476987"
NA,"1.005966","-0.292858","0","0","0","0","0","0","0","0","0","0.5","0.5","0.5","1","1","1","1","1","1","5000","1e+06","4125","0","0","0","0","0","0","0","875","0","0","0","0","0","0","0","1000","0","1000","0","0","0","0","0","0","0","0","19.56","-1","-1","-1","NaN","19.56","NaN","NaN","NaN","NaN","NaN","NaN","NaN","NaN","-1","-1","NaN","NaN","-1","959","0","959","0","0","0","0","0","0","0","0","19.5620437956204","-1","-1","-1","-1","-1","-1","298.53","2957.863","2957.863","2957.863","300.99582898853","2958.10114702815","2958.10114702815","2958.10114702815","298.53","2957.863","300.99582898853","2958.10114702815","2957.863","2958.10114702815","223.96558915537"
NA,"1.005966","-0.048685","0","0","0","0","0","0","0","0","0","0.5","0.5","0.5","1","1","1","1","1","1","5000","1e+06","3750","0","0","0","0","0","0","0","1250","0","0","0","0","0","0","0","1000","0","1000","0","0","0","0","0","0","0","0","127.451","-1","-1","-1","NaN","127.451","NaN","NaN","NaN","NaN","NaN","NaN","NaN","NaN","-1","-1","NaN","NaN","-1","993","0","993","0","0","0","0","0","0","0","0","127.453172205438","-1","-1","-1","-1","-1","-1","734.858","4667.516","4667.516","4667.516","738.874118831823","4667.4612286002","4667.4612286002","4667.4612286002","734.858","4667.516","738.874118831823","4667.4612286002","4667.516","4667.4612286002","470.880161127895"
NA,"1.005966","-0.094461","0","0","0","0","0","0","0","0","0","0.5","0.5","0.5","1","1","1","1","1","1","5000","1e+06","3750","0","0","0","0","0","0","0","1250","0","0","0","0","0","0","0","1000","0","1000","0","0","0","0","0","0","0","0","66.652","-1","-1","-1","NaN","66.652","NaN","NaN","NaN","NaN","NaN","NaN","NaN","NaN","-1","-1","NaN","NaN","-1","993","0","993","0","0","0","0","0","0","0","0","66.6908358509567","-1","-1","-1","-1","-1","-1","565.546","4349.991","4349.991","4349.991","567.164149043303","4350.25176233635","4350.25176233635","4350.25176233635","565.546","4349.991","567.164149043303","4350.25176233635","4349.991","4350.25176233635","412.791540785499"
NA,"1.005966","-0.136866","0","0","0","0","0","0","0","0","0","0.5","0.5","0.5","1","1","1","1","1","1","5000","1e+06","3750","0","0","0","0","0","0","0","1250","0","0","0","0","0","0","0","1000","0","1000","0","0","0","0","0","0","0","0","45.459","-1","-1","-1","NaN","45.459","NaN","NaN","NaN","NaN","NaN","NaN","NaN","NaN","-1","-1","NaN","NaN","-1","993","0","993","0","0","0","0","0","0","0","0","45.4793554884189","-1","-1","-1","-1","-1","-1","517.149","4069.657","4069.657","4069.657","518.86807653575","4069.80463242699","4069.80463242699","4069.80463242699","517.149","4069.657","518.86807653575","4069.80463242699","4069.657","4069.80463242699","395.064451158107"
NA,"1.005966","-0.175379","0","0","0","0","0","0","0","0","0","0.5","0.5","0.5","1","1","1","1","1","1","5000","1e+06","3750","0","0","0","0","0","0","0","1250","0","0","0","0","0","0","0","1000","0","1000","0","0","0","0","0","0","0","0","35.448","-1","-1","-1","NaN","35.448","NaN","NaN","NaN","NaN","NaN","NaN","NaN","NaN","-1","-1","NaN","NaN","-1","995","0","995","0","0","0","0","0","0","0","0","35.4311557788945","-1","-1","-1","-1","-1","-1","508.809","3821.869","3821.869","3821.869","509.833165829146","3821.87236180905","3821.87236180905","3821.87236180905","508.809","3821.869","509.833165829146","3821.87236180905","3821.869","3821.87236180905","400.85527638191"
NA,"1.005966","-0.209431","0","0","0","0","0","0","0","0","0","0.5","0.5","0.5","1","1","1","1","1","1","5000","1e+06","3750","0","0","0","0","0","0","0","1250","0","0","0","0","0","0","0","1000","0","1000","0","0","0","0","0","0","0","0","29.534","-1","-1","-1","NaN","29.534","NaN","NaN","NaN","NaN","NaN","NaN","NaN","NaN","-1","-1","NaN","NaN","-1","997","0","997","0","0","0","0","0","0","0","0","29.5255767301906","-1","-1","-1","-1","-1","-1","524.002","3614.21","3614.21","3614.21","524.377131394183","3614.23871614845","3614.23871614845","3614.23871614845","524.002","3614.21","524.377131394183","3614.23871614845","3614.21","3614.23871614845","419.015045135406"
NA,"1.005966","-0.238423","0","0","0","0","0","0","0","0","0","0.5","0.5","0.5","1","1","1","1","1","1","5000","1e+06","3750","0","0","0","0","0","0","0","1250","0","0","0","0","0","0","0","1000","0","1000","0","0","0","0","0","0","0","0","25.569","-1","-1","-1","NaN","25.569","NaN","NaN","NaN","NaN","NaN","NaN","NaN","NaN","-1","-1","NaN","NaN","-1","998","0","998","0","0","0","0","0","0","0","0","25.5731462925852","-1","-1","-1","-1","-1","-1","544.883","3446.022","3446.022","3446.022","545.301603206413","3446.0370741483","3446.0370741483","3446.0370741483","544.883","3446.022","545.301603206413","3446.0370741483","3446.022","3446.0370741483","440.056112224449"
NA,"1.005966","-0.261759","0","0","0","0","0","0","0","0","0","0.5","0.5","0.5","1","1","1","1","1","1","5000","1e+06","3750","0","0","0","0","0","0","0","1250","0","0","0","0","0","0","0","1000","0","1000","0","0","0","0","0","0","0","0","23.049","-1","-1","-1","NaN","23.049","NaN","NaN","NaN","NaN","NaN","NaN","NaN","NaN","-1","-1","NaN","NaN","-1","996","0","996","0","0","0","0","0","0","0","0","23.0491967871486","-1","-1","-1","-1","-1","-1","549.439","3313.972","3313.972","3313.972","550.208835341365","3313.88554216867","3313.88554216867","3313.88554216867","549.439","3313.972","550.208835341365","3313.88554216867","3313.972","3313.88554216867","453.653614457831"
NA,"1.005966","-0.27889","0","0","0","0","0","0","0","0","0","0.5","0.5","0.5","1","1","1","1","1","1","5000","1e+06","3750","0","0","0","0","0","0","0","1250","0","0","0","0","0","0","0","1000","0","1000","0","0","0","0","0","0","0","0","21.545","-1","-1","-1","NaN","21.545","NaN","NaN","NaN","NaN","NaN","NaN","NaN","NaN","-1","-1","NaN","NaN","-1","995","0","995","0","0","0","0","0","0","0","0","21.5437185929648","-1","-1","-1","-1","-1","-1","563.598","3216.813","3216.813","3216.813","564.353768844221","3216.78190954774","3216.78190954774","3216.78190954774","563.598","3216.813","564.353768844221","3216.78190954774","3216.813","3216.78190954774","462.595979899497"
NA,"1.005966","-0.289366","0","0","0","0","0","0","0","0","0","0.5","0.5","0.5","1","1","1","1","1","1","5000","1e+06","3750","0","0","0","0","0","0","0","1250","0","0","0","0","0","0","0","1000","0","1000","0","0","0","0","0","0","0","0","20.508","-1","-1","-1","NaN","20.508","NaN","NaN","NaN","NaN","NaN","NaN","NaN","NaN","-1","-1","NaN","NaN","-1","999","0","999","0","0","0","0","0","0","0","0","20.5135135135135","-1","-1","-1","-1","-1","-1","569.853","3161.454","3161.454","3161.454","569.908908908909","3161.49349349349","3161.49349349349","3161.49349349349","569.853","3161.454","569.908908908909","3161.49349349349","3161.454","3161.49349349349","471.512512512513"
NA,"1.005966","-0.292858","0","0","0","0","0","0","0","0","0","0.5","0.5","0.5","1","1","1","1","1","1","5000","1e+06","3750","0","0","0","0","0","0","0","1250","0","0","0","0","0","0","0","1000","0","1000","0","0","0","0","0","0","0","0","20.218","-1","-1","-1","NaN","20.218","NaN","NaN","NaN","NaN","NaN","NaN","NaN","NaN","-1","-1","NaN","NaN","-1","1000","0","1000","0","0","0","0","0","0","0","0","20.218","-1","-1","-1","-1","-1","-1","569.784","3143.979","3143.979","3143.979","569.784","3143.979","3143.979","3143.979","569.784","3143.979","569.784","3143.979","3143.979","3143.979","470.033"
